sample	fastq_1	fastq_2	strandedness	tpt
UF-3016-1101-0	/proj/sens2022005/delivery05927/INBOX/UF-3016/220121_A00181_0412_AHNVKNDSX2/220121_A00181_0412_AHNVKNDSX2/Sample_UF-3016-1101-0/UF-3016-1101-0_S47_L003_R1_001.fastq.gz	/proj/sens2022005/delivery05927/INBOX/UF-3016/220121_A00181_0412_AHNVKNDSX2/220121_A00181_0412_AHNVKNDSX2/Sample_UF-3016-1101-0/UF-3016-1101-0_S47_L003_R2_001.fastq.gz	reverse	Baseline
UF-3016-1102-0	/proj/sens2022005/delivery05927/INBOX/UF-3016/220121_A00181_0412_AHNVKNDSX2/220121_A00181_0412_AHNVKNDSX2/Sample_UF-3016-1102-0/UF-3016-1102-0_S18_L003_R1_001.fastq.gz	/proj/sens2022005/delivery05927/INBOX/UF-3016/220121_A00181_0412_AHNVKNDSX2/220121_A00181_0412_AHNVKNDSX2/Sample_UF-3016-1102-0/UF-3016-1102-0_S18_L003_R2_001.fastq.gz	reverse	Baseline
UF-3016-1103-0	/proj/sens2022005/delivery05927/INBOX/UF-3016/211217_A00605_0328_AHLG2TDSX2/211217_A00605_0328_AHLG2TDSX2/Sample_UF-3016-1103-0/UF-3016-1103-0_S83_L002_R1_001.fastq.gz	/proj/sens2022005/delivery05927/INBOX/UF-3016/211217_A00605_0328_AHLG2TDSX2/211217_A00605_0328_AHLG2TDSX2/Sample_UF-3016-1103-0/UF-3016-1103-0_S83_L002_R2_001.fastq.gz	reverse	Baseline
UF-3016-1104-0	/proj/sens2022005/delivery05927/INBOX/UF-3016/220128_A00181_0416_BHN2WCDSX2/220128_A00181_0416_BHN2WCDSX2/Sample_UF-3016-1104-0/UF-3016-1104-0_S31_L001_R1_001.fastq.gz	/proj/sens2022005/delivery05927/INBOX/UF-3016/220128_A00181_0416_BHN2WCDSX2/220128_A00181_0416_BHN2WCDSX2/Sample_UF-3016-1104-0/UF-3016-1104-0_S31_L001_R2_001.fastq.gz	reverse	Baseline
UF-3016-1105-0	/proj/sens2022005/delivery05927/INBOX/UF-3016/220128_A00181_0416_BHN2WCDSX2/220128_A00181_0416_BHN2WCDSX2/Sample_UF-3016-1105-0/UF-3016-1105-0_S28_L001_R1_001.fastq.gz	/proj/sens2022005/delivery05927/INBOX/UF-3016/220128_A00181_0416_BHN2WCDSX2/220128_A00181_0416_BHN2WCDSX2/Sample_UF-3016-1105-0/UF-3016-1105-0_S28_L001_R2_001.fastq.gz	reverse	Baseline
UF-3016-1106-0	/proj/sens2022005/delivery05927/INBOX/UF-3016/220121_A00181_0412_AHNVKNDSX2/220121_A00181_0412_AHNVKNDSX2/Sample_UF-3016-1106-0/UF-3016-1106-0_S11_L003_R1_001.fastq.gz	/proj/sens2022005/delivery05927/INBOX/UF-3016/220121_A00181_0412_AHNVKNDSX2/220121_A00181_0412_AHNVKNDSX2/Sample_UF-3016-1106-0/UF-3016-1106-0_S11_L003_R2_001.fastq.gz	reverse	Baseline
UF-3016-1107-0	/proj/sens2022005/delivery05927/INBOX/UF-3016/220128_A00181_0416_BHN2WCDSX2/220128_A00181_0416_BHN2WCDSX2/Sample_UF-3016-1107-0/UF-3016-1107-0_S6_L001_R1_001.fastq.gz	/proj/sens2022005/delivery05927/INBOX/UF-3016/220128_A00181_0416_BHN2WCDSX2/220128_A00181_0416_BHN2WCDSX2/Sample_UF-3016-1107-0/UF-3016-1107-0_S6_L001_R2_001.fastq.gz	reverse	Baseline
UF-3016-1108-0	/proj/sens2022005/delivery05927/INBOX/UF-3016/220218_A00181_0431_AHN33MDSX2/220218_A00181_0431_AHN33MDSX2/Sample_UF-3016-1108-0/UF-3016-1108-0_S27_L001_R1_001.fastq.gz	/proj/sens2022005/delivery05927/INBOX/UF-3016/220218_A00181_0431_AHN33MDSX2/220218_A00181_0431_AHN33MDSX2/Sample_UF-3016-1108-0/UF-3016-1108-0_S27_L001_R2_001.fastq.gz	reverse	Baseline
UF-3016-1109-0	/proj/sens2022005/delivery05927/INBOX/UF-3016/220128_A00181_0416_BHN2WCDSX2/220128_A00181_0416_BHN2WCDSX2/Sample_UF-3016-1109-0/UF-3016-1109-0_S36_L001_R1_001.fastq.gz	/proj/sens2022005/delivery05927/INBOX/UF-3016/220128_A00181_0416_BHN2WCDSX2/220128_A00181_0416_BHN2WCDSX2/Sample_UF-3016-1109-0/UF-3016-1109-0_S36_L001_R2_001.fastq.gz	reverse	Baseline
UF-3016-1110-0	/proj/sens2022005/delivery05927/INBOX/UF-3016/211217_A00605_0328_AHLG2TDSX2/211217_A00605_0328_AHLG2TDSX2/Sample_UF-3016-1110-0/UF-3016-1110-0_S29_L001_R1_001.fastq.gz	/proj/sens2022005/delivery05927/INBOX/UF-3016/211217_A00605_0328_AHLG2TDSX2/211217_A00605_0328_AHLG2TDSX2/Sample_UF-3016-1110-0/UF-3016-1110-0_S29_L001_R2_001.fastq.gz	reverse	Baseline
UF-3016-1111-0	/proj/sens2022005/delivery05927/INBOX/UF-3016/220325_A00605_0384_BHGHHGDSX3/220325_A00605_0384_BHGHHGDSX3/Sample_UF-3016-1111-0/UF-3016-1111-0_S16_L001_R1_001.fastq.gz	/proj/sens2022005/delivery05927/INBOX/UF-3016/220325_A00605_0384_BHGHHGDSX3/220325_A00605_0384_BHGHHGDSX3/Sample_UF-3016-1111-0/UF-3016-1111-0_S16_L001_R2_001.fastq.gz	reverse	Baseline
UF-3016-1112-0-2	/proj/sens2022005/delivery05927/INBOX/UF-3016/220121_A00181_0412_AHNVKNDSX2/220121_A00181_0412_AHNVKNDSX2/Sample_UF-3016-1112-0-2/UF-3016-1112-0-2_S24_L003_R1_001.fastq.gz	/proj/sens2022005/delivery05927/INBOX/UF-3016/220121_A00181_0412_AHNVKNDSX2/220121_A00181_0412_AHNVKNDSX2/Sample_UF-3016-1112-0-2/UF-3016-1112-0-2_S24_L003_R2_001.fastq.gz	reverse	Baseline
UF-3016-1113-0	/proj/sens2022005/delivery05927/INBOX/UF-3016/220218_A00181_0431_AHN33MDSX2/220218_A00181_0431_AHN33MDSX2/Sample_UF-3016-1113-0/UF-3016-1113-0_S60_L002_R1_001.fastq.gz	/proj/sens2022005/delivery05927/INBOX/UF-3016/220218_A00181_0431_AHN33MDSX2/220218_A00181_0431_AHN33MDSX2/Sample_UF-3016-1113-0/UF-3016-1113-0_S60_L002_R2_001.fastq.gz	reverse	Baseline
UF-3016-1114-0	/proj/sens2022005/delivery05927/INBOX/UF-3016/211210_A00605_0324_BHLGHJDSX2/211210_A00605_0324_BHLGHJDSX2/Sample_UF-3016-1114-0/UF-3016-1114-0_S26_L001_R1_001.fastq.gz	/proj/sens2022005/delivery05927/INBOX/UF-3016/211210_A00605_0324_BHLGHJDSX2/211210_A00605_0324_BHLGHJDSX2/Sample_UF-3016-1114-0/UF-3016-1114-0_S26_L001_R2_001.fastq.gz	reverse	Baseline
UF-3016-1115-0	/proj/sens2022005/delivery05927/INBOX/UF-3016/220325_A00605_0384_BHGHHGDSX3/220325_A00605_0384_BHGHHGDSX3/Sample_UF-3016-1115-0/UF-3016-1115-0_S17_L001_R1_001.fastq.gz	/proj/sens2022005/delivery05927/INBOX/UF-3016/220325_A00605_0384_BHGHHGDSX3/220325_A00605_0384_BHGHHGDSX3/Sample_UF-3016-1115-0/UF-3016-1115-0_S17_L001_R2_001.fastq.gz	reverse	Baseline
UF-3016-1116-0	/proj/sens2022005/delivery05927/INBOX/UF-3016/220128_A00181_0416_BHN2WCDSX2/220128_A00181_0416_BHN2WCDSX2/Sample_UF-3016-1116-0/UF-3016-1116-0_S88_L002_R1_001.fastq.gz	/proj/sens2022005/delivery05927/INBOX/UF-3016/220128_A00181_0416_BHN2WCDSX2/220128_A00181_0416_BHN2WCDSX2/Sample_UF-3016-1116-0/UF-3016-1116-0_S88_L002_R2_001.fastq.gz	reverse	Baseline
UF-3016-1117-0	/proj/sens2022005/delivery05927/INBOX/UF-3016/220325_A00605_0384_BHGHHGDSX3/220325_A00605_0384_BHGHHGDSX3/Sample_UF-3016-1117-0/UF-3016-1117-0_S25_L001_R1_001.fastq.gz	/proj/sens2022005/delivery05927/INBOX/UF-3016/220325_A00605_0384_BHGHHGDSX3/220325_A00605_0384_BHGHHGDSX3/Sample_UF-3016-1117-0/UF-3016-1117-0_S25_L001_R2_001.fastq.gz	reverse	Baseline
UF-3016-1118-0	/proj/sens2022005/delivery05927/INBOX/UF-3016/220325_A00605_0384_BHGHHGDSX3/220325_A00605_0384_BHGHHGDSX3/Sample_UF-3016-1118-0/UF-3016-1118-0_S28_L001_R1_001.fastq.gz	/proj/sens2022005/delivery05927/INBOX/UF-3016/220325_A00605_0384_BHGHHGDSX3/220325_A00605_0384_BHGHHGDSX3/Sample_UF-3016-1118-0/UF-3016-1118-0_S28_L001_R2_001.fastq.gz	reverse	Baseline
UF-3016-1119-0	/proj/sens2022005/delivery05927/INBOX/UF-3016/211217_A00605_0328_AHLG2TDSX2/211217_A00605_0328_AHLG2TDSX2/Sample_UF-3016-1119-0/UF-3016-1119-0_S61_L002_R1_001.fastq.gz	/proj/sens2022005/delivery05927/INBOX/UF-3016/211217_A00605_0328_AHLG2TDSX2/211217_A00605_0328_AHLG2TDSX2/Sample_UF-3016-1119-0/UF-3016-1119-0_S61_L002_R2_001.fastq.gz	reverse	Baseline
UF-3016-1120-0	/proj/sens2022005/delivery05927/INBOX/UF-3016/220121_A00181_0412_AHNVKNDSX2/220121_A00181_0412_AHNVKNDSX2/Sample_UF-3016-1120-0/UF-3016-1120-0_S10_L003_R1_001.fastq.gz	/proj/sens2022005/delivery05927/INBOX/UF-3016/220121_A00181_0412_AHNVKNDSX2/220121_A00181_0412_AHNVKNDSX2/Sample_UF-3016-1120-0/UF-3016-1120-0_S10_L003_R2_001.fastq.gz	reverse	Baseline
UF-3016-1121-0	/proj/sens2022005/delivery05927/INBOX/UF-3016/220218_A00181_0431_AHN33MDSX2/220218_A00181_0431_AHN33MDSX2/Sample_UF-3016-1121-0/UF-3016-1121-0_S35_L001_R1_001.fastq.gz	/proj/sens2022005/delivery05927/INBOX/UF-3016/220218_A00181_0431_AHN33MDSX2/220218_A00181_0431_AHN33MDSX2/Sample_UF-3016-1121-0/UF-3016-1121-0_S35_L001_R2_001.fastq.gz	reverse	Baseline
UF-3016-1122-0	/proj/sens2022005/delivery05927/INBOX/UF-3016/220325_A00605_0384_BHGHHGDSX3/220325_A00605_0384_BHGHHGDSX3/Sample_UF-3016-1122-0/UF-3016-1122-0_S69_L002_R1_001.fastq.gz	/proj/sens2022005/delivery05927/INBOX/UF-3016/220325_A00605_0384_BHGHHGDSX3/220325_A00605_0384_BHGHHGDSX3/Sample_UF-3016-1122-0/UF-3016-1122-0_S69_L002_R2_001.fastq.gz	reverse	Baseline
UF-3016-1123-0	/proj/sens2022005/delivery05927/INBOX/UF-3016/220128_A00181_0416_BHN2WCDSX2/220128_A00181_0416_BHN2WCDSX2/Sample_UF-3016-1123-0/UF-3016-1123-0_S73_L002_R1_001.fastq.gz	/proj/sens2022005/delivery05927/INBOX/UF-3016/220128_A00181_0416_BHN2WCDSX2/220128_A00181_0416_BHN2WCDSX2/Sample_UF-3016-1123-0/UF-3016-1123-0_S73_L002_R2_001.fastq.gz	reverse	Baseline
UF-3016-1124-0-2	/proj/sens2022005/delivery05927/INBOX/UF-3016/220128_A00181_0416_BHN2WCDSX2/220128_A00181_0416_BHN2WCDSX2/Sample_UF-3016-1124-0-2/UF-3016-1124-0-2_S72_L002_R1_001.fastq.gz	/proj/sens2022005/delivery05927/INBOX/UF-3016/220128_A00181_0416_BHN2WCDSX2/220128_A00181_0416_BHN2WCDSX2/Sample_UF-3016-1124-0-2/UF-3016-1124-0-2_S72_L002_R2_001.fastq.gz	reverse	Baseline
UF-3016-1125-0	/proj/sens2022005/delivery05927/INBOX/UF-3016/211217_A00605_0328_AHLG2TDSX2/211217_A00605_0328_AHLG2TDSX2/Sample_UF-3016-1125-0/UF-3016-1125-0_S6_L001_R1_001.fastq.gz	/proj/sens2022005/delivery05927/INBOX/UF-3016/211217_A00605_0328_AHLG2TDSX2/211217_A00605_0328_AHLG2TDSX2/Sample_UF-3016-1125-0/UF-3016-1125-0_S6_L001_R2_001.fastq.gz	reverse	Baseline
UF-3016-1126-0-2	/proj/sens2022005/delivery05927/INBOX/UF-3016/211217_A00605_0328_AHLG2TDSX2/211217_A00605_0328_AHLG2TDSX2/Sample_UF-3016-1126-0-2/UF-3016-1126-0-2_S63_L002_R1_001.fastq.gz	/proj/sens2022005/delivery05927/INBOX/UF-3016/211217_A00605_0328_AHLG2TDSX2/211217_A00605_0328_AHLG2TDSX2/Sample_UF-3016-1126-0-2/UF-3016-1126-0-2_S63_L002_R2_001.fastq.gz	reverse	Baseline
UF-3016-1127-0	/proj/sens2022005/delivery05927/INBOX/UF-3016/211210_A00605_0324_BHLGHJDSX2/211210_A00605_0324_BHLGHJDSX2/Sample_UF-3016-1127-0/UF-3016-1127-0_S27_L001_R1_001.fastq.gz	/proj/sens2022005/delivery05927/INBOX/UF-3016/211210_A00605_0324_BHLGHJDSX2/211210_A00605_0324_BHLGHJDSX2/Sample_UF-3016-1127-0/UF-3016-1127-0_S27_L001_R2_001.fastq.gz	reverse	Baseline
UF-3016-1128-0-2	/proj/sens2022005/delivery05927/INBOX/UF-3016/220121_A00181_0412_AHNVKNDSX2/220121_A00181_0412_AHNVKNDSX2/Sample_UF-3016-1128-0-2/UF-3016-1128-0-2_S17_L003_R1_001.fastq.gz	/proj/sens2022005/delivery05927/INBOX/UF-3016/220121_A00181_0412_AHNVKNDSX2/220121_A00181_0412_AHNVKNDSX2/Sample_UF-3016-1128-0-2/UF-3016-1128-0-2_S17_L003_R2_001.fastq.gz	reverse	Baseline
UF-3016-1129-0	/proj/sens2022005/delivery05927/INBOX/UF-3016/220218_A00181_0431_AHN33MDSX2/220218_A00181_0431_AHN33MDSX2/Sample_UF-3016-1129-0/UF-3016-1129-0_S19_L001_R1_001.fastq.gz	/proj/sens2022005/delivery05927/INBOX/UF-3016/220218_A00181_0431_AHN33MDSX2/220218_A00181_0431_AHN33MDSX2/Sample_UF-3016-1129-0/UF-3016-1129-0_S19_L001_R2_001.fastq.gz	reverse	Baseline
UF-3016-1130-0	/proj/sens2022005/delivery05927/INBOX/UF-3016/211210_A00605_0324_BHLGHJDSX2/211210_A00605_0324_BHLGHJDSX2/Sample_UF-3016-1130-0/UF-3016-1130-0_S5_L001_R1_001.fastq.gz	/proj/sens2022005/delivery05927/INBOX/UF-3016/211210_A00605_0324_BHLGHJDSX2/211210_A00605_0324_BHLGHJDSX2/Sample_UF-3016-1130-0/UF-3016-1130-0_S5_L001_R2_001.fastq.gz	reverse	Baseline
UF-3016-1131-0	/proj/sens2022005/delivery05927/INBOX/UF-3016/220121_A00181_0412_AHNVKNDSX2/220121_A00181_0412_AHNVKNDSX2/Sample_UF-3016-1131-0/UF-3016-1131-0_S96_L004_R1_001.fastq.gz	/proj/sens2022005/delivery05927/INBOX/UF-3016/220121_A00181_0412_AHNVKNDSX2/220121_A00181_0412_AHNVKNDSX2/Sample_UF-3016-1131-0/UF-3016-1131-0_S96_L004_R2_001.fastq.gz	reverse	Baseline
UF-3016-1132-0	/proj/sens2022005/delivery05927/INBOX/UF-3016/220121_A00181_0412_AHNVKNDSX2/220121_A00181_0412_AHNVKNDSX2/Sample_UF-3016-1132-0/UF-3016-1132-0_S84_L004_R1_001.fastq.gz	/proj/sens2022005/delivery05927/INBOX/UF-3016/220121_A00181_0412_AHNVKNDSX2/220121_A00181_0412_AHNVKNDSX2/Sample_UF-3016-1132-0/UF-3016-1132-0_S84_L004_R2_001.fastq.gz	reverse	Baseline
UF-3016-1133-0	/proj/sens2022005/delivery05927/INBOX/UF-3016/220121_A00181_0412_AHNVKNDSX2/220121_A00181_0412_AHNVKNDSX2/Sample_UF-3016-1133-0/UF-3016-1133-0_S21_L003_R1_001.fastq.gz	/proj/sens2022005/delivery05927/INBOX/UF-3016/220121_A00181_0412_AHNVKNDSX2/220121_A00181_0412_AHNVKNDSX2/Sample_UF-3016-1133-0/UF-3016-1133-0_S21_L003_R2_001.fastq.gz	reverse	Baseline
UF-3016-1134-0	/proj/sens2022005/delivery05927/INBOX/UF-3016/220325_A00605_0384_BHGHHGDSX3/220325_A00605_0384_BHGHHGDSX3/Sample_UF-3016-1134-0/UF-3016-1134-0_S7_L001_R1_001.fastq.gz	/proj/sens2022005/delivery05927/INBOX/UF-3016/220325_A00605_0384_BHGHHGDSX3/220325_A00605_0384_BHGHHGDSX3/Sample_UF-3016-1134-0/UF-3016-1134-0_S7_L001_R2_001.fastq.gz	reverse	Baseline
UF-3016-1135-0	/proj/sens2022005/delivery05927/INBOX/UF-3016/220121_A00181_0412_AHNVKNDSX2/220121_A00181_0412_AHNVKNDSX2/Sample_UF-3016-1135-0/UF-3016-1135-0_S22_L003_R1_001.fastq.gz	/proj/sens2022005/delivery05927/INBOX/UF-3016/220121_A00181_0412_AHNVKNDSX2/220121_A00181_0412_AHNVKNDSX2/Sample_UF-3016-1135-0/UF-3016-1135-0_S22_L003_R2_001.fastq.gz	reverse	Baseline
UF-3016-1136-0-2	/proj/sens2022005/delivery05927/INBOX/UF-3016/220121_A00181_0412_AHNVKNDSX2/220121_A00181_0412_AHNVKNDSX2/Sample_UF-3016-1136-0-2/UF-3016-1136-0-2_S37_L003_R1_001.fastq.gz	/proj/sens2022005/delivery05927/INBOX/UF-3016/220121_A00181_0412_AHNVKNDSX2/220121_A00181_0412_AHNVKNDSX2/Sample_UF-3016-1136-0-2/UF-3016-1136-0-2_S37_L003_R2_001.fastq.gz	reverse	Baseline
UF-3016-1137-0	/proj/sens2022005/delivery05927/INBOX/UF-3016/220325_A00605_0384_BHGHHGDSX3/220325_A00605_0384_BHGHHGDSX3/Sample_UF-3016-1137-0/UF-3016-1137-0_S13_L001_R1_001.fastq.gz	/proj/sens2022005/delivery05927/INBOX/UF-3016/220325_A00605_0384_BHGHHGDSX3/220325_A00605_0384_BHGHHGDSX3/Sample_UF-3016-1137-0/UF-3016-1137-0_S13_L001_R2_001.fastq.gz	reverse	Baseline
UF-3016-1138-0	/proj/sens2022005/delivery05927/INBOX/UF-3016/220218_A00181_0431_AHN33MDSX2/220218_A00181_0431_AHN33MDSX2/Sample_UF-3016-1138-0/UF-3016-1138-0_S18_L001_R1_001.fastq.gz	/proj/sens2022005/delivery05927/INBOX/UF-3016/220218_A00181_0431_AHN33MDSX2/220218_A00181_0431_AHN33MDSX2/Sample_UF-3016-1138-0/UF-3016-1138-0_S18_L001_R2_001.fastq.gz	reverse	Baseline
UF-3016-1139-0	/proj/sens2022005/delivery05927/INBOX/UF-3016/220128_A00181_0416_BHN2WCDSX2/220128_A00181_0416_BHN2WCDSX2/Sample_UF-3016-1139-0/UF-3016-1139-0_S60_L002_R1_001.fastq.gz	/proj/sens2022005/delivery05927/INBOX/UF-3016/220128_A00181_0416_BHN2WCDSX2/220128_A00181_0416_BHN2WCDSX2/Sample_UF-3016-1139-0/UF-3016-1139-0_S60_L002_R2_001.fastq.gz	reverse	Baseline
UF-3016-1140-0	/proj/sens2022005/delivery05927/INBOX/UF-3016/220325_A00605_0384_BHGHHGDSX3/220325_A00605_0384_BHGHHGDSX3/Sample_UF-3016-1140-0/UF-3016-1140-0_S61_L002_R1_001.fastq.gz	/proj/sens2022005/delivery05927/INBOX/UF-3016/220325_A00605_0384_BHGHHGDSX3/220325_A00605_0384_BHGHHGDSX3/Sample_UF-3016-1140-0/UF-3016-1140-0_S61_L002_R2_001.fastq.gz	reverse	Baseline
UF-3016-1141-0	/proj/sens2022005/delivery05927/INBOX/UF-3016/211217_A00605_0328_AHLG2TDSX2/211217_A00605_0328_AHLG2TDSX2/Sample_UF-3016-1141-0/UF-3016-1141-0_S26_L001_R1_001.fastq.gz	/proj/sens2022005/delivery05927/INBOX/UF-3016/211217_A00605_0328_AHLG2TDSX2/211217_A00605_0328_AHLG2TDSX2/Sample_UF-3016-1141-0/UF-3016-1141-0_S26_L001_R2_001.fastq.gz	reverse	Baseline
UF-3016-1142-0	/proj/sens2022005/delivery05927/INBOX/UF-3016/220218_A00181_0431_AHN33MDSX2/220218_A00181_0431_AHN33MDSX2/Sample_UF-3016-1142-0/UF-3016-1142-0_S4_L001_R1_001.fastq.gz	/proj/sens2022005/delivery05927/INBOX/UF-3016/220218_A00181_0431_AHN33MDSX2/220218_A00181_0431_AHN33MDSX2/Sample_UF-3016-1142-0/UF-3016-1142-0_S4_L001_R2_001.fastq.gz	reverse	Baseline
UF-3016-1143-0-2	/proj/sens2022005/delivery05927/INBOX/UF-3016/211210_A00605_0324_BHLGHJDSX2/211210_A00605_0324_BHLGHJDSX2/Sample_UF-3016-1143-0-2/UF-3016-1143-0-2_S40_L001_R1_001.fastq.gz	/proj/sens2022005/delivery05927/INBOX/UF-3016/211210_A00605_0324_BHLGHJDSX2/211210_A00605_0324_BHLGHJDSX2/Sample_UF-3016-1143-0-2/UF-3016-1143-0-2_S40_L001_R2_001.fastq.gz	reverse	Baseline
UF-3016-1144-0	/proj/sens2022005/delivery05927/INBOX/UF-3016/220121_A00181_0412_AHNVKNDSX2/220121_A00181_0412_AHNVKNDSX2/Sample_UF-3016-1144-0/UF-3016-1144-0_S82_L004_R1_001.fastq.gz	/proj/sens2022005/delivery05927/INBOX/UF-3016/220121_A00181_0412_AHNVKNDSX2/220121_A00181_0412_AHNVKNDSX2/Sample_UF-3016-1144-0/UF-3016-1144-0_S82_L004_R2_001.fastq.gz	reverse	Baseline
UF-3016-1145-0	/proj/sens2022005/delivery05927/INBOX/UF-3016/220121_A00181_0412_AHNVKNDSX2/220121_A00181_0412_AHNVKNDSX2/Sample_UF-3016-1145-0/UF-3016-1145-0_S72_L004_R1_001.fastq.gz	/proj/sens2022005/delivery05927/INBOX/UF-3016/220121_A00181_0412_AHNVKNDSX2/220121_A00181_0412_AHNVKNDSX2/Sample_UF-3016-1145-0/UF-3016-1145-0_S72_L004_R2_001.fastq.gz	reverse	Baseline
UF-3016-1146-0	/proj/sens2022005/delivery05927/INBOX/UF-3016/211217_A00605_0328_AHLG2TDSX2/211217_A00605_0328_AHLG2TDSX2/Sample_UF-3016-1146-0/UF-3016-1146-0_S13_L001_R1_001.fastq.gz	/proj/sens2022005/delivery05927/INBOX/UF-3016/211217_A00605_0328_AHLG2TDSX2/211217_A00605_0328_AHLG2TDSX2/Sample_UF-3016-1146-0/UF-3016-1146-0_S13_L001_R2_001.fastq.gz	reverse	Baseline
UF-3016-1147-0	/proj/sens2022005/delivery05927/INBOX/UF-3016/211210_A00605_0324_BHLGHJDSX2/211210_A00605_0324_BHLGHJDSX2/Sample_UF-3016-1147-0/UF-3016-1147-0_S7_L001_R1_001.fastq.gz	/proj/sens2022005/delivery05927/INBOX/UF-3016/211210_A00605_0324_BHLGHJDSX2/211210_A00605_0324_BHLGHJDSX2/Sample_UF-3016-1147-0/UF-3016-1147-0_S7_L001_R2_001.fastq.gz	reverse	Baseline
UF-3016-1148-0	/proj/sens2022005/delivery05927/INBOX/UF-3016/220325_A00605_0384_BHGHHGDSX3/220325_A00605_0384_BHGHHGDSX3/Sample_UF-3016-1148-0/UF-3016-1148-0_S64_L002_R1_001.fastq.gz	/proj/sens2022005/delivery05927/INBOX/UF-3016/220325_A00605_0384_BHGHHGDSX3/220325_A00605_0384_BHGHHGDSX3/Sample_UF-3016-1148-0/UF-3016-1148-0_S64_L002_R2_001.fastq.gz	reverse	Baseline
UF-3016-1149-0	/proj/sens2022005/delivery05927/INBOX/UF-3016/220218_A00181_0431_AHN33MDSX2/220218_A00181_0431_AHN33MDSX2/Sample_UF-3016-1149-0/UF-3016-1149-0_S84_L002_R1_001.fastq.gz	/proj/sens2022005/delivery05927/INBOX/UF-3016/220218_A00181_0431_AHN33MDSX2/220218_A00181_0431_AHN33MDSX2/Sample_UF-3016-1149-0/UF-3016-1149-0_S84_L002_R2_001.fastq.gz	reverse	Baseline
UF-3016-1150-0	/proj/sens2022005/delivery05927/INBOX/UF-3016/220128_A00181_0416_BHN2WCDSX2/220128_A00181_0416_BHN2WCDSX2/Sample_UF-3016-1150-0/UF-3016-1150-0_S1_L001_R1_001.fastq.gz	/proj/sens2022005/delivery05927/INBOX/UF-3016/220128_A00181_0416_BHN2WCDSX2/220128_A00181_0416_BHN2WCDSX2/Sample_UF-3016-1150-0/UF-3016-1150-0_S1_L001_R2_001.fastq.gz	reverse	Baseline
UF-3016-1151-0	/proj/sens2022005/delivery05927/INBOX/UF-3016/211210_A00605_0324_BHLGHJDSX2/211210_A00605_0324_BHLGHJDSX2/Sample_UF-3016-1151-0/UF-3016-1151-0_S23_L001_R1_001.fastq.gz	/proj/sens2022005/delivery05927/INBOX/UF-3016/211210_A00605_0324_BHLGHJDSX2/211210_A00605_0324_BHLGHJDSX2/Sample_UF-3016-1151-0/UF-3016-1151-0_S23_L001_R2_001.fastq.gz	reverse	Baseline
UF-3016-1152-0	/proj/sens2022005/delivery05927/INBOX/UF-3016/220128_A00181_0416_BHN2WCDSX2/220128_A00181_0416_BHN2WCDSX2/Sample_UF-3016-1152-0/UF-3016-1152-0_S63_L002_R1_001.fastq.gz	/proj/sens2022005/delivery05927/INBOX/UF-3016/220128_A00181_0416_BHN2WCDSX2/220128_A00181_0416_BHN2WCDSX2/Sample_UF-3016-1152-0/UF-3016-1152-0_S63_L002_R2_001.fastq.gz	reverse	Baseline
UF-3016-1154-0	/proj/sens2022005/delivery05927/INBOX/UF-3016/211217_A00605_0328_AHLG2TDSX2/211217_A00605_0328_AHLG2TDSX2/Sample_UF-3016-1154-0/UF-3016-1154-0_S1_L001_R1_001.fastq.gz	/proj/sens2022005/delivery05927/INBOX/UF-3016/211217_A00605_0328_AHLG2TDSX2/211217_A00605_0328_AHLG2TDSX2/Sample_UF-3016-1154-0/UF-3016-1154-0_S1_L001_R2_001.fastq.gz	reverse	Baseline
UF-3016-1155-0	/proj/sens2022005/delivery05927/INBOX/UF-3016/220121_A00181_0412_AHNVKNDSX2/220121_A00181_0412_AHNVKNDSX2/Sample_UF-3016-1155-0/UF-3016-1155-0_S23_L003_R1_001.fastq.gz	/proj/sens2022005/delivery05927/INBOX/UF-3016/220121_A00181_0412_AHNVKNDSX2/220121_A00181_0412_AHNVKNDSX2/Sample_UF-3016-1155-0/UF-3016-1155-0_S23_L003_R2_001.fastq.gz	reverse	Baseline
UF-3016-1156-0	/proj/sens2022005/delivery05927/INBOX/UF-3016/220121_A00181_0412_AHNVKNDSX2/220121_A00181_0412_AHNVKNDSX2/Sample_UF-3016-1156-0/UF-3016-1156-0_S36_L003_R1_001.fastq.gz	/proj/sens2022005/delivery05927/INBOX/UF-3016/220121_A00181_0412_AHNVKNDSX2/220121_A00181_0412_AHNVKNDSX2/Sample_UF-3016-1156-0/UF-3016-1156-0_S36_L003_R2_001.fastq.gz	reverse	Baseline
UF-3016-1157-0	/proj/sens2022005/delivery05927/INBOX/UF-3016/211217_A00605_0328_AHLG2TDSX2/211217_A00605_0328_AHLG2TDSX2/Sample_UF-3016-1157-0/UF-3016-1157-0_S33_L001_R1_001.fastq.gz	/proj/sens2022005/delivery05927/INBOX/UF-3016/211217_A00605_0328_AHLG2TDSX2/211217_A00605_0328_AHLG2TDSX2/Sample_UF-3016-1157-0/UF-3016-1157-0_S33_L001_R2_001.fastq.gz	reverse	Baseline
UF-3016-1158-0	/proj/sens2022005/delivery05927/INBOX/UF-3016/220325_A00605_0384_BHGHHGDSX3/220325_A00605_0384_BHGHHGDSX3/Sample_UF-3016-1158-0/UF-3016-1158-0_S14_L001_R1_001.fastq.gz	/proj/sens2022005/delivery05927/INBOX/UF-3016/220325_A00605_0384_BHGHHGDSX3/220325_A00605_0384_BHGHHGDSX3/Sample_UF-3016-1158-0/UF-3016-1158-0_S14_L001_R2_001.fastq.gz	reverse	Baseline
UF-3016-1159-0	/proj/sens2022005/delivery05927/INBOX/UF-3016/211210_A00605_0324_BHLGHJDSX2/211210_A00605_0324_BHLGHJDSX2/Sample_UF-3016-1159-0/UF-3016-1159-0_S32_L001_R1_001.fastq.gz	/proj/sens2022005/delivery05927/INBOX/UF-3016/211210_A00605_0324_BHLGHJDSX2/211210_A00605_0324_BHLGHJDSX2/Sample_UF-3016-1159-0/UF-3016-1159-0_S32_L001_R2_001.fastq.gz	reverse	Baseline
UF-3016-1160-0	/proj/sens2022005/delivery05927/INBOX/UF-3016/220218_A00181_0431_AHN33MDSX2/220218_A00181_0431_AHN33MDSX2/Sample_UF-3016-1160-0/UF-3016-1160-0_S72_L002_R1_001.fastq.gz	/proj/sens2022005/delivery05927/INBOX/UF-3016/220218_A00181_0431_AHN33MDSX2/220218_A00181_0431_AHN33MDSX2/Sample_UF-3016-1160-0/UF-3016-1160-0_S72_L002_R2_001.fastq.gz	reverse	Baseline
UF-3016-1161-0	/proj/sens2022005/delivery05927/INBOX/UF-3016/211217_A00605_0328_AHLG2TDSX2/211217_A00605_0328_AHLG2TDSX2/Sample_UF-3016-1161-0/UF-3016-1161-0_S40_L001_R1_001.fastq.gz	/proj/sens2022005/delivery05927/INBOX/UF-3016/211217_A00605_0328_AHLG2TDSX2/211217_A00605_0328_AHLG2TDSX2/Sample_UF-3016-1161-0/UF-3016-1161-0_S40_L001_R2_001.fastq.gz	reverse	Baseline
UF-3016-1162-0	/proj/sens2022005/delivery05927/INBOX/UF-3016/220325_A00605_0384_BHGHHGDSX3/220325_A00605_0384_BHGHHGDSX3/Sample_UF-3016-1162-0/UF-3016-1162-0_S24_L001_R1_001.fastq.gz	/proj/sens2022005/delivery05927/INBOX/UF-3016/220325_A00605_0384_BHGHHGDSX3/220325_A00605_0384_BHGHHGDSX3/Sample_UF-3016-1162-0/UF-3016-1162-0_S24_L001_R2_001.fastq.gz	reverse	Baseline
UF-3016-1163-0	/proj/sens2022005/delivery05927/INBOX/UF-3016/220218_A00181_0431_AHN33MDSX2/220218_A00181_0431_AHN33MDSX2/Sample_UF-3016-1163-0/UF-3016-1163-0_S77_L002_R1_001.fastq.gz	/proj/sens2022005/delivery05927/INBOX/UF-3016/220218_A00181_0431_AHN33MDSX2/220218_A00181_0431_AHN33MDSX2/Sample_UF-3016-1163-0/UF-3016-1163-0_S77_L002_R2_001.fastq.gz	reverse	Baseline
UF-3016-1164-0	/proj/sens2022005/delivery05927/INBOX/UF-3016/220128_A00181_0416_BHN2WCDSX2/220128_A00181_0416_BHN2WCDSX2/Sample_UF-3016-1164-0/UF-3016-1164-0_S24_L001_R1_001.fastq.gz	/proj/sens2022005/delivery05927/INBOX/UF-3016/220128_A00181_0416_BHN2WCDSX2/220128_A00181_0416_BHN2WCDSX2/Sample_UF-3016-1164-0/UF-3016-1164-0_S24_L001_R2_001.fastq.gz	reverse	Baseline
UF-3016-1165-0	/proj/sens2022005/delivery05927/INBOX/UF-3016/220218_A00181_0431_AHN33MDSX2/220218_A00181_0431_AHN33MDSX2/Sample_UF-3016-1165-0/UF-3016-1165-0_S78_L002_R1_001.fastq.gz	/proj/sens2022005/delivery05927/INBOX/UF-3016/220218_A00181_0431_AHN33MDSX2/220218_A00181_0431_AHN33MDSX2/Sample_UF-3016-1165-0/UF-3016-1165-0_S78_L002_R2_001.fastq.gz	reverse	Baseline
UF-3016-1166-0	/proj/sens2022005/delivery05927/INBOX/UF-3016/211210_A00605_0324_BHLGHJDSX2/211210_A00605_0324_BHLGHJDSX2/Sample_UF-3016-1166-0/UF-3016-1166-0_S33_L001_R1_001.fastq.gz	/proj/sens2022005/delivery05927/INBOX/UF-3016/211210_A00605_0324_BHLGHJDSX2/211210_A00605_0324_BHLGHJDSX2/Sample_UF-3016-1166-0/UF-3016-1166-0_S33_L001_R2_001.fastq.gz	reverse	Baseline
UF-3016-1167-0	/proj/sens2022005/delivery05927/INBOX/UF-3016/220218_A00181_0431_AHN33MDSX2/220218_A00181_0431_AHN33MDSX2/Sample_UF-3016-1167-0/UF-3016-1167-0_S33_L001_R1_001.fastq.gz	/proj/sens2022005/delivery05927/INBOX/UF-3016/220218_A00181_0431_AHN33MDSX2/220218_A00181_0431_AHN33MDSX2/Sample_UF-3016-1167-0/UF-3016-1167-0_S33_L001_R2_001.fastq.gz	reverse	Baseline
UF-3016-1168-0	/proj/sens2022005/delivery05927/INBOX/UF-3016/220128_A00181_0416_BHN2WCDSX2/220128_A00181_0416_BHN2WCDSX2/Sample_UF-3016-1168-0/UF-3016-1168-0_S17_L001_R1_001.fastq.gz	/proj/sens2022005/delivery05927/INBOX/UF-3016/220128_A00181_0416_BHN2WCDSX2/220128_A00181_0416_BHN2WCDSX2/Sample_UF-3016-1168-0/UF-3016-1168-0_S17_L001_R2_001.fastq.gz	reverse	Baseline
UF-3016-1169-0	/proj/sens2022005/delivery05927/INBOX/UF-3016/220325_A00605_0384_BHGHHGDSX3/220325_A00605_0384_BHGHHGDSX3/Sample_UF-3016-1169-0/UF-3016-1169-0_S85_L002_R1_001.fastq.gz	/proj/sens2022005/delivery05927/INBOX/UF-3016/220325_A00605_0384_BHGHHGDSX3/220325_A00605_0384_BHGHHGDSX3/Sample_UF-3016-1169-0/UF-3016-1169-0_S85_L002_R2_001.fastq.gz	reverse	Baseline
UF-3016-1170-0	/proj/sens2022005/delivery05927/INBOX/UF-3016/220121_A00181_0412_AHNVKNDSX2/220121_A00181_0412_AHNVKNDSX2/Sample_UF-3016-1170-0/UF-3016-1170-0_S31_L003_R1_001.fastq.gz	/proj/sens2022005/delivery05927/INBOX/UF-3016/220121_A00181_0412_AHNVKNDSX2/220121_A00181_0412_AHNVKNDSX2/Sample_UF-3016-1170-0/UF-3016-1170-0_S31_L003_R2_001.fastq.gz	reverse	Baseline
UF-3016-1171-0	/proj/sens2022005/delivery05927/INBOX/UF-3016/220128_A00181_0416_BHN2WCDSX2/220128_A00181_0416_BHN2WCDSX2/Sample_UF-3016-1171-0/UF-3016-1171-0_S44_L001_R1_001.fastq.gz	/proj/sens2022005/delivery05927/INBOX/UF-3016/220128_A00181_0416_BHN2WCDSX2/220128_A00181_0416_BHN2WCDSX2/Sample_UF-3016-1171-0/UF-3016-1171-0_S44_L001_R2_001.fastq.gz	reverse	Baseline
UF-3016-1172-0	/proj/sens2022005/delivery05927/INBOX/UF-3016/211210_A00605_0324_BHLGHJDSX2/211210_A00605_0324_BHLGHJDSX2/Sample_UF-3016-1172-0/UF-3016-1172-0_S29_L001_R1_001.fastq.gz	/proj/sens2022005/delivery05927/INBOX/UF-3016/211210_A00605_0324_BHLGHJDSX2/211210_A00605_0324_BHLGHJDSX2/Sample_UF-3016-1172-0/UF-3016-1172-0_S29_L001_R2_001.fastq.gz	reverse	Baseline
UF-3016-1173-0	/proj/sens2022005/delivery05927/INBOX/UF-3016/211217_A00605_0328_AHLG2TDSX2/211217_A00605_0328_AHLG2TDSX2/Sample_UF-3016-1173-0/UF-3016-1173-0_S45_L001_R1_001.fastq.gz	/proj/sens2022005/delivery05927/INBOX/UF-3016/211217_A00605_0328_AHLG2TDSX2/211217_A00605_0328_AHLG2TDSX2/Sample_UF-3016-1173-0/UF-3016-1173-0_S45_L001_R2_001.fastq.gz	reverse	Baseline
UF-3016-1174-0	/proj/sens2022005/delivery05927/INBOX/UF-3016/220218_A00181_0431_AHN33MDSX2/220218_A00181_0431_AHN33MDSX2/Sample_UF-3016-1174-0/UF-3016-1174-0_S21_L001_R1_001.fastq.gz	/proj/sens2022005/delivery05927/INBOX/UF-3016/220218_A00181_0431_AHN33MDSX2/220218_A00181_0431_AHN33MDSX2/Sample_UF-3016-1174-0/UF-3016-1174-0_S21_L001_R2_001.fastq.gz	reverse	Baseline
UF-3016-1175-0	/proj/sens2022005/delivery05927/INBOX/UF-3016/220218_A00181_0431_AHN33MDSX2/220218_A00181_0431_AHN33MDSX2/Sample_UF-3016-1175-0/UF-3016-1175-0_S38_L001_R1_001.fastq.gz	/proj/sens2022005/delivery05927/INBOX/UF-3016/220218_A00181_0431_AHN33MDSX2/220218_A00181_0431_AHN33MDSX2/Sample_UF-3016-1175-0/UF-3016-1175-0_S38_L001_R2_001.fastq.gz	reverse	Baseline
UF-3016-1176-0	/proj/sens2022005/delivery05927/INBOX/UF-3016/220325_A00605_0384_BHGHHGDSX3/220325_A00605_0384_BHGHHGDSX3/Sample_UF-3016-1176-0/UF-3016-1176-0_S41_L001_R1_001.fastq.gz	/proj/sens2022005/delivery05927/INBOX/UF-3016/220325_A00605_0384_BHGHHGDSX3/220325_A00605_0384_BHGHHGDSX3/Sample_UF-3016-1176-0/UF-3016-1176-0_S41_L001_R2_001.fastq.gz	reverse	Baseline
UF-3016-1177-0	/proj/sens2022005/delivery05927/INBOX/UF-3016/220128_A00181_0416_BHN2WCDSX2/220128_A00181_0416_BHN2WCDSX2/Sample_UF-3016-1177-0/UF-3016-1177-0_S35_L001_R1_001.fastq.gz	/proj/sens2022005/delivery05927/INBOX/UF-3016/220128_A00181_0416_BHN2WCDSX2/220128_A00181_0416_BHN2WCDSX2/Sample_UF-3016-1177-0/UF-3016-1177-0_S35_L001_R2_001.fastq.gz	reverse	Baseline
UF-3016-1178-0	/proj/sens2022005/delivery05927/INBOX/UF-3016/220325_A00605_0384_BHGHHGDSX3/220325_A00605_0384_BHGHHGDSX3/Sample_UF-3016-1178-0/UF-3016-1178-0_S10_L001_R1_001.fastq.gz	/proj/sens2022005/delivery05927/INBOX/UF-3016/220325_A00605_0384_BHGHHGDSX3/220325_A00605_0384_BHGHHGDSX3/Sample_UF-3016-1178-0/UF-3016-1178-0_S10_L001_R2_001.fastq.gz	reverse	Baseline
UF-3016-1179-0	/proj/sens2022005/delivery05927/INBOX/UF-3016/220121_A00181_0412_AHNVKNDSX2/220121_A00181_0412_AHNVKNDSX2/Sample_UF-3016-1179-0/UF-3016-1179-0_S35_L003_R1_001.fastq.gz	/proj/sens2022005/delivery05927/INBOX/UF-3016/220121_A00181_0412_AHNVKNDSX2/220121_A00181_0412_AHNVKNDSX2/Sample_UF-3016-1179-0/UF-3016-1179-0_S35_L003_R2_001.fastq.gz	reverse	Baseline
UF-3016-1180-0	/proj/sens2022005/delivery05927/INBOX/UF-3016/211217_A00605_0328_AHLG2TDSX2/211217_A00605_0328_AHLG2TDSX2/Sample_UF-3016-1180-0/UF-3016-1180-0_S4_L001_R1_001.fastq.gz	/proj/sens2022005/delivery05927/INBOX/UF-3016/211217_A00605_0328_AHLG2TDSX2/211217_A00605_0328_AHLG2TDSX2/Sample_UF-3016-1180-0/UF-3016-1180-0_S4_L001_R2_001.fastq.gz	reverse	Baseline
UF-3016-1181-0	/proj/sens2022005/delivery05927/INBOX/UF-3016/211210_A00605_0324_BHLGHJDSX2/211210_A00605_0324_BHLGHJDSX2/Sample_UF-3016-1181-0/UF-3016-1181-0_S15_L001_R1_001.fastq.gz	/proj/sens2022005/delivery05927/INBOX/UF-3016/211210_A00605_0324_BHLGHJDSX2/211210_A00605_0324_BHLGHJDSX2/Sample_UF-3016-1181-0/UF-3016-1181-0_S15_L001_R2_001.fastq.gz	reverse	Baseline
UF-3016-1201-0	/proj/sens2022005/delivery05927/INBOX/UF-3016/220325_A00605_0384_BHGHHGDSX3/220325_A00605_0384_BHGHHGDSX3/Sample_UF-3016-1201-0/UF-3016-1201-0_S19_L001_R1_001.fastq.gz	/proj/sens2022005/delivery05927/INBOX/UF-3016/220325_A00605_0384_BHGHHGDSX3/220325_A00605_0384_BHGHHGDSX3/Sample_UF-3016-1201-0/UF-3016-1201-0_S19_L001_R2_001.fastq.gz	reverse	Baseline
UF-3016-1202-0	/proj/sens2022005/delivery05927/INBOX/UF-3016/220325_A00605_0384_BHGHHGDSX3/220325_A00605_0384_BHGHHGDSX3/Sample_UF-3016-1202-0/UF-3016-1202-0_S9_L001_R1_001.fastq.gz	/proj/sens2022005/delivery05927/INBOX/UF-3016/220325_A00605_0384_BHGHHGDSX3/220325_A00605_0384_BHGHHGDSX3/Sample_UF-3016-1202-0/UF-3016-1202-0_S9_L001_R2_001.fastq.gz	reverse	Baseline
UF-3016-1203-0	/proj/sens2022005/delivery05927/INBOX/UF-3016/220325_A00605_0384_BHGHHGDSX3/220325_A00605_0384_BHGHHGDSX3/Sample_UF-3016-1203-0/UF-3016-1203-0_S42_L001_R1_001.fastq.gz	/proj/sens2022005/delivery05927/INBOX/UF-3016/220325_A00605_0384_BHGHHGDSX3/220325_A00605_0384_BHGHHGDSX3/Sample_UF-3016-1203-0/UF-3016-1203-0_S42_L001_R2_001.fastq.gz	reverse	Baseline
UF-3016-1204-0	/proj/sens2022005/delivery05927/INBOX/UF-3016/220128_A00181_0416_BHN2WCDSX2/220128_A00181_0416_BHN2WCDSX2/Sample_UF-3016-1204-0/UF-3016-1204-0_S3_L001_R1_001.fastq.gz	/proj/sens2022005/delivery05927/INBOX/UF-3016/220128_A00181_0416_BHN2WCDSX2/220128_A00181_0416_BHN2WCDSX2/Sample_UF-3016-1204-0/UF-3016-1204-0_S3_L001_R2_001.fastq.gz	reverse	Baseline
UF-3016-1205-0	/proj/sens2022005/delivery05927/INBOX/UF-3016/220128_A00181_0416_BHN2WCDSX2/220128_A00181_0416_BHN2WCDSX2/Sample_UF-3016-1205-0/UF-3016-1205-0_S49_L002_R1_001.fastq.gz	/proj/sens2022005/delivery05927/INBOX/UF-3016/220128_A00181_0416_BHN2WCDSX2/220128_A00181_0416_BHN2WCDSX2/Sample_UF-3016-1205-0/UF-3016-1205-0_S49_L002_R2_001.fastq.gz	reverse	Baseline
UF-3016-1206-0	/proj/sens2022005/delivery05927/INBOX/UF-3016/220128_A00181_0416_BHN2WCDSX2/220128_A00181_0416_BHN2WCDSX2/Sample_UF-3016-1206-0/UF-3016-1206-0_S14_L001_R1_001.fastq.gz	/proj/sens2022005/delivery05927/INBOX/UF-3016/220128_A00181_0416_BHN2WCDSX2/220128_A00181_0416_BHN2WCDSX2/Sample_UF-3016-1206-0/UF-3016-1206-0_S14_L001_R2_001.fastq.gz	reverse	Baseline
UF-3016-1207-0	/proj/sens2022005/delivery05927/INBOX/UF-3016/220128_A00181_0416_BHN2WCDSX2/220128_A00181_0416_BHN2WCDSX2/Sample_UF-3016-1207-0/UF-3016-1207-0_S12_L001_R1_001.fastq.gz	/proj/sens2022005/delivery05927/INBOX/UF-3016/220128_A00181_0416_BHN2WCDSX2/220128_A00181_0416_BHN2WCDSX2/Sample_UF-3016-1207-0/UF-3016-1207-0_S12_L001_R2_001.fastq.gz	reverse	Baseline
UF-3016-1208-0	/proj/sens2022005/delivery05927/INBOX/UF-3016/220325_A00605_0384_BHGHHGDSX3/220325_A00605_0384_BHGHHGDSX3/Sample_UF-3016-1208-0/UF-3016-1208-0_S15_L001_R1_001.fastq.gz	/proj/sens2022005/delivery05927/INBOX/UF-3016/220325_A00605_0384_BHGHHGDSX3/220325_A00605_0384_BHGHHGDSX3/Sample_UF-3016-1208-0/UF-3016-1208-0_S15_L001_R2_001.fastq.gz	reverse	Baseline
UF-3016-1209-0	/proj/sens2022005/delivery05927/INBOX/UF-3016/220218_A00181_0431_AHN33MDSX2/220218_A00181_0431_AHN33MDSX2/Sample_UF-3016-1209-0/UF-3016-1209-0_S37_L001_R1_001.fastq.gz	/proj/sens2022005/delivery05927/INBOX/UF-3016/220218_A00181_0431_AHN33MDSX2/220218_A00181_0431_AHN33MDSX2/Sample_UF-3016-1209-0/UF-3016-1209-0_S37_L001_R2_001.fastq.gz	reverse	Baseline
UF-3016-1210-0	/proj/sens2022005/delivery05927/INBOX/UF-3016/211210_A00605_0324_BHLGHJDSX2/211210_A00605_0324_BHLGHJDSX2/Sample_UF-3016-1210-0/UF-3016-1210-0_S14_L001_R1_001.fastq.gz	/proj/sens2022005/delivery05927/INBOX/UF-3016/211210_A00605_0324_BHLGHJDSX2/211210_A00605_0324_BHLGHJDSX2/Sample_UF-3016-1210-0/UF-3016-1210-0_S14_L001_R2_001.fastq.gz	reverse	Baseline
UF-3016-1211-0	/proj/sens2022005/delivery05927/INBOX/UF-3016/211217_A00605_0328_AHLG2TDSX2/211217_A00605_0328_AHLG2TDSX2/Sample_UF-3016-1211-0/UF-3016-1211-0_S43_L001_R1_001.fastq.gz	/proj/sens2022005/delivery05927/INBOX/UF-3016/211217_A00605_0328_AHLG2TDSX2/211217_A00605_0328_AHLG2TDSX2/Sample_UF-3016-1211-0/UF-3016-1211-0_S43_L001_R2_001.fastq.gz	reverse	Baseline
UF-3016-1212-0	/proj/sens2022005/delivery05927/INBOX/UF-3016/220128_A00181_0416_BHN2WCDSX2/220128_A00181_0416_BHN2WCDSX2/Sample_UF-3016-1212-0/UF-3016-1212-0_S90_L002_R1_001.fastq.gz	/proj/sens2022005/delivery05927/INBOX/UF-3016/220128_A00181_0416_BHN2WCDSX2/220128_A00181_0416_BHN2WCDSX2/Sample_UF-3016-1212-0/UF-3016-1212-0_S90_L002_R2_001.fastq.gz	reverse	Baseline
UF-3016-1213-0	/proj/sens2022005/delivery05927/INBOX/UF-3016/220325_A00605_0384_BHGHHGDSX3/220325_A00605_0384_BHGHHGDSX3/Sample_UF-3016-1213-0/UF-3016-1213-0_S47_L002_R1_001.fastq.gz	/proj/sens2022005/delivery05927/INBOX/UF-3016/220325_A00605_0384_BHGHHGDSX3/220325_A00605_0384_BHGHHGDSX3/Sample_UF-3016-1213-0/UF-3016-1213-0_S47_L002_R2_001.fastq.gz	reverse	Baseline
UF-3016-1213-0	/proj/sens2022005/delivery05927/INBOX/UF-3016/220121_A00181_0412_AHNVKNDSX2/220121_A00181_0412_AHNVKNDSX2/Sample_UF-3016-1213-0/UF-3016-1213-0_S53_L003_R1_001.fastq.gz	/proj/sens2022005/delivery05927/INBOX/UF-3016/220121_A00181_0412_AHNVKNDSX2/220121_A00181_0412_AHNVKNDSX2/Sample_UF-3016-1213-0/UF-3016-1213-0_S53_L003_R2_001.fastq.gz	reverse	Baseline
UF-3016-1214-0	/proj/sens2022005/delivery05927/INBOX/UF-3016/211217_A00605_0328_AHLG2TDSX2/211217_A00605_0328_AHLG2TDSX2/Sample_UF-3016-1214-0/UF-3016-1214-0_S31_L001_R1_001.fastq.gz	/proj/sens2022005/delivery05927/INBOX/UF-3016/211217_A00605_0328_AHLG2TDSX2/211217_A00605_0328_AHLG2TDSX2/Sample_UF-3016-1214-0/UF-3016-1214-0_S31_L001_R2_001.fastq.gz	reverse	Baseline
UF-3016-1215-0	/proj/sens2022005/delivery05927/INBOX/UF-3016/220325_A00605_0384_BHGHHGDSX3/220325_A00605_0384_BHGHHGDSX3/Sample_UF-3016-1215-0/UF-3016-1215-0_S33_L001_R1_001.fastq.gz	/proj/sens2022005/delivery05927/INBOX/UF-3016/220325_A00605_0384_BHGHHGDSX3/220325_A00605_0384_BHGHHGDSX3/Sample_UF-3016-1215-0/UF-3016-1215-0_S33_L001_R2_001.fastq.gz	reverse	Baseline
UF-3016-1217-0	/proj/sens2022005/delivery05927/INBOX/UF-3016/220121_A00181_0412_AHNVKNDSX2/220121_A00181_0412_AHNVKNDSX2/Sample_UF-3016-1217-0/UF-3016-1217-0_S88_L004_R1_001.fastq.gz	/proj/sens2022005/delivery05927/INBOX/UF-3016/220121_A00181_0412_AHNVKNDSX2/220121_A00181_0412_AHNVKNDSX2/Sample_UF-3016-1217-0/UF-3016-1217-0_S88_L004_R2_001.fastq.gz	reverse	Baseline
UF-3016-1218-0	/proj/sens2022005/delivery05927/INBOX/UF-3016/211210_A00605_0324_BHLGHJDSX2/211210_A00605_0324_BHLGHJDSX2/Sample_UF-3016-1218-0/UF-3016-1218-0_S13_L001_R1_001.fastq.gz	/proj/sens2022005/delivery05927/INBOX/UF-3016/211210_A00605_0324_BHLGHJDSX2/211210_A00605_0324_BHLGHJDSX2/Sample_UF-3016-1218-0/UF-3016-1218-0_S13_L001_R2_001.fastq.gz	reverse	Baseline
UF-3016-1219-0	/proj/sens2022005/delivery05927/INBOX/UF-3016/220121_A00181_0412_AHNVKNDSX2/220121_A00181_0412_AHNVKNDSX2/Sample_UF-3016-1219-0/UF-3016-1219-0_S97_L004_R1_001.fastq.gz	/proj/sens2022005/delivery05927/INBOX/UF-3016/220121_A00181_0412_AHNVKNDSX2/220121_A00181_0412_AHNVKNDSX2/Sample_UF-3016-1219-0/UF-3016-1219-0_S97_L004_R2_001.fastq.gz	reverse	Baseline
UF-3016-1220-0	/proj/sens2022005/delivery05927/INBOX/UF-3016/211217_A00605_0328_AHLG2TDSX2/211217_A00605_0328_AHLG2TDSX2/Sample_UF-3016-1220-0/UF-3016-1220-0_S35_L001_R1_001.fastq.gz	/proj/sens2022005/delivery05927/INBOX/UF-3016/211217_A00605_0328_AHLG2TDSX2/211217_A00605_0328_AHLG2TDSX2/Sample_UF-3016-1220-0/UF-3016-1220-0_S35_L001_R2_001.fastq.gz	reverse	Baseline
UF-3016-1221-0	/proj/sens2022005/delivery05927/INBOX/UF-3016/220325_A00605_0384_BHGHHGDSX3/220325_A00605_0384_BHGHHGDSX3/Sample_UF-3016-1221-0/UF-3016-1221-0_S46_L002_R1_001.fastq.gz	/proj/sens2022005/delivery05927/INBOX/UF-3016/220325_A00605_0384_BHGHHGDSX3/220325_A00605_0384_BHGHHGDSX3/Sample_UF-3016-1221-0/UF-3016-1221-0_S46_L002_R2_001.fastq.gz	reverse	Baseline
UF-3016-1221-0	/proj/sens2022005/delivery05927/INBOX/UF-3016/220121_A00181_0412_AHNVKNDSX2/220121_A00181_0412_AHNVKNDSX2/Sample_UF-3016-1221-0/UF-3016-1221-0_S51_L003_R1_001.fastq.gz	/proj/sens2022005/delivery05927/INBOX/UF-3016/220121_A00181_0412_AHNVKNDSX2/220121_A00181_0412_AHNVKNDSX2/Sample_UF-3016-1221-0/UF-3016-1221-0_S51_L003_R2_001.fastq.gz	reverse	Baseline
UF-3016-1222-0	/proj/sens2022005/delivery05927/INBOX/UF-3016/220128_A00181_0416_BHN2WCDSX2/220128_A00181_0416_BHN2WCDSX2/Sample_UF-3016-1222-0/UF-3016-1222-0_S79_L002_R1_001.fastq.gz	/proj/sens2022005/delivery05927/INBOX/UF-3016/220128_A00181_0416_BHN2WCDSX2/220128_A00181_0416_BHN2WCDSX2/Sample_UF-3016-1222-0/UF-3016-1222-0_S79_L002_R2_001.fastq.gz	reverse	Baseline
UF-3016-1223-0	/proj/sens2022005/delivery05927/INBOX/UF-3016/211217_A00605_0328_AHLG2TDSX2/211217_A00605_0328_AHLG2TDSX2/Sample_UF-3016-1223-0/UF-3016-1223-0_S64_L002_R1_001.fastq.gz	/proj/sens2022005/delivery05927/INBOX/UF-3016/211217_A00605_0328_AHLG2TDSX2/211217_A00605_0328_AHLG2TDSX2/Sample_UF-3016-1223-0/UF-3016-1223-0_S64_L002_R2_001.fastq.gz	reverse	Baseline
UF-3016-1224-0	/proj/sens2022005/delivery05927/INBOX/UF-3016/211217_A00605_0328_AHLG2TDSX2/211217_A00605_0328_AHLG2TDSX2/Sample_UF-3016-1224-0/UF-3016-1224-0_S24_L001_R1_001.fastq.gz	/proj/sens2022005/delivery05927/INBOX/UF-3016/211217_A00605_0328_AHLG2TDSX2/211217_A00605_0328_AHLG2TDSX2/Sample_UF-3016-1224-0/UF-3016-1224-0_S24_L001_R2_001.fastq.gz	reverse	Baseline
UF-3016-1225-0	/proj/sens2022005/delivery05927/INBOX/UF-3016/220218_A00181_0431_AHN33MDSX2/220218_A00181_0431_AHN33MDSX2/Sample_UF-3016-1225-0/UF-3016-1225-0_S16_L001_R1_001.fastq.gz	/proj/sens2022005/delivery05927/INBOX/UF-3016/220218_A00181_0431_AHN33MDSX2/220218_A00181_0431_AHN33MDSX2/Sample_UF-3016-1225-0/UF-3016-1225-0_S16_L001_R2_001.fastq.gz	reverse	Baseline
UF-3016-1226-0	/proj/sens2022005/delivery05927/INBOX/UF-3016/220121_A00181_0412_AHNVKNDSX2/220121_A00181_0412_AHNVKNDSX2/Sample_UF-3016-1226-0/UF-3016-1226-0_S52_L003_R1_001.fastq.gz	/proj/sens2022005/delivery05927/INBOX/UF-3016/220121_A00181_0412_AHNVKNDSX2/220121_A00181_0412_AHNVKNDSX2/Sample_UF-3016-1226-0/UF-3016-1226-0_S52_L003_R2_001.fastq.gz	reverse	Baseline
UF-3016-1227-0	/proj/sens2022005/delivery05927/INBOX/UF-3016/220325_A00605_0384_BHGHHGDSX3/220325_A00605_0384_BHGHHGDSX3/Sample_UF-3016-1227-0/UF-3016-1227-0_S35_L001_R1_001.fastq.gz	/proj/sens2022005/delivery05927/INBOX/UF-3016/220325_A00605_0384_BHGHHGDSX3/220325_A00605_0384_BHGHHGDSX3/Sample_UF-3016-1227-0/UF-3016-1227-0_S35_L001_R2_001.fastq.gz	reverse	Baseline
UF-3016-1228-0	/proj/sens2022005/delivery05927/INBOX/UF-3016/220218_A00181_0431_AHN33MDSX2/220218_A00181_0431_AHN33MDSX2/Sample_UF-3016-1228-0/UF-3016-1228-0_S68_L002_R1_001.fastq.gz	/proj/sens2022005/delivery05927/INBOX/UF-3016/220218_A00181_0431_AHN33MDSX2/220218_A00181_0431_AHN33MDSX2/Sample_UF-3016-1228-0/UF-3016-1228-0_S68_L002_R2_001.fastq.gz	reverse	Baseline
UF-3016-1229-0	/proj/sens2022005/delivery05927/INBOX/UF-3016/220121_A00181_0412_AHNVKNDSX2/220121_A00181_0412_AHNVKNDSX2/Sample_UF-3016-1229-0/UF-3016-1229-0_S83_L004_R1_001.fastq.gz	/proj/sens2022005/delivery05927/INBOX/UF-3016/220121_A00181_0412_AHNVKNDSX2/220121_A00181_0412_AHNVKNDSX2/Sample_UF-3016-1229-0/UF-3016-1229-0_S83_L004_R2_001.fastq.gz	reverse	Baseline
UF-3016-1301-0	/proj/sens2022005/delivery05927/INBOX/UF-3016/220325_A00605_0384_BHGHHGDSX3/220325_A00605_0384_BHGHHGDSX3/Sample_UF-3016-1301-0/UF-3016-1301-0_S90_L002_R1_001.fastq.gz	/proj/sens2022005/delivery05927/INBOX/UF-3016/220325_A00605_0384_BHGHHGDSX3/220325_A00605_0384_BHGHHGDSX3/Sample_UF-3016-1301-0/UF-3016-1301-0_S90_L002_R2_001.fastq.gz	reverse	Baseline
UF-3016-1302-0	/proj/sens2022005/delivery05927/INBOX/UF-3016/220128_A00181_0416_BHN2WCDSX2/220128_A00181_0416_BHN2WCDSX2/Sample_UF-3016-1302-0/UF-3016-1302-0_S43_L001_R1_001.fastq.gz	/proj/sens2022005/delivery05927/INBOX/UF-3016/220128_A00181_0416_BHN2WCDSX2/220128_A00181_0416_BHN2WCDSX2/Sample_UF-3016-1302-0/UF-3016-1302-0_S43_L001_R2_001.fastq.gz	reverse	Baseline
UF-3016-1303-0	/proj/sens2022005/delivery05927/INBOX/UF-3016/220218_A00181_0431_AHN33MDSX2/220218_A00181_0431_AHN33MDSX2/Sample_UF-3016-1303-0/UF-3016-1303-0_S83_L002_R1_001.fastq.gz	/proj/sens2022005/delivery05927/INBOX/UF-3016/220218_A00181_0431_AHN33MDSX2/220218_A00181_0431_AHN33MDSX2/Sample_UF-3016-1303-0/UF-3016-1303-0_S83_L002_R2_001.fastq.gz	reverse	Baseline
UF-3016-1304-0	/proj/sens2022005/delivery05927/INBOX/UF-3016/220128_A00181_0416_BHN2WCDSX2/220128_A00181_0416_BHN2WCDSX2/Sample_UF-3016-1304-0/UF-3016-1304-0_S67_L002_R1_001.fastq.gz	/proj/sens2022005/delivery05927/INBOX/UF-3016/220128_A00181_0416_BHN2WCDSX2/220128_A00181_0416_BHN2WCDSX2/Sample_UF-3016-1304-0/UF-3016-1304-0_S67_L002_R2_001.fastq.gz	reverse	Baseline
UF-3016-1305-0	/proj/sens2022005/delivery05927/INBOX/UF-3016/220218_A00181_0431_AHN33MDSX2/220218_A00181_0431_AHN33MDSX2/Sample_UF-3016-1305-0/UF-3016-1305-0_S90_L002_R1_001.fastq.gz	/proj/sens2022005/delivery05927/INBOX/UF-3016/220218_A00181_0431_AHN33MDSX2/220218_A00181_0431_AHN33MDSX2/Sample_UF-3016-1305-0/UF-3016-1305-0_S90_L002_R2_001.fastq.gz	reverse	Baseline
UF-3016-1306-0	/proj/sens2022005/delivery05927/INBOX/UF-3016/220121_A00181_0412_AHNVKNDSX2/220121_A00181_0412_AHNVKNDSX2/Sample_UF-3016-1306-0/UF-3016-1306-0_S60_L004_R1_001.fastq.gz	/proj/sens2022005/delivery05927/INBOX/UF-3016/220121_A00181_0412_AHNVKNDSX2/220121_A00181_0412_AHNVKNDSX2/Sample_UF-3016-1306-0/UF-3016-1306-0_S60_L004_R2_001.fastq.gz	reverse	Baseline
UF-3016-1307-0	/proj/sens2022005/delivery05927/INBOX/UF-3016/220121_A00181_0412_AHNVKNDSX2/220121_A00181_0412_AHNVKNDSX2/Sample_UF-3016-1307-0/UF-3016-1307-0_S43_L003_R1_001.fastq.gz	/proj/sens2022005/delivery05927/INBOX/UF-3016/220121_A00181_0412_AHNVKNDSX2/220121_A00181_0412_AHNVKNDSX2/Sample_UF-3016-1307-0/UF-3016-1307-0_S43_L003_R2_001.fastq.gz	reverse	Baseline
UF-3016-1308-0	/proj/sens2022005/delivery05927/INBOX/UF-3016/220325_A00605_0384_BHGHHGDSX3/220325_A00605_0384_BHGHHGDSX3/Sample_UF-3016-1308-0/UF-3016-1308-0_S29_L001_R1_001.fastq.gz	/proj/sens2022005/delivery05927/INBOX/UF-3016/220325_A00605_0384_BHGHHGDSX3/220325_A00605_0384_BHGHHGDSX3/Sample_UF-3016-1308-0/UF-3016-1308-0_S29_L001_R2_001.fastq.gz	reverse	Baseline
UF-3016-1309-0	/proj/sens2022005/delivery05927/INBOX/UF-3016/211210_A00605_0324_BHLGHJDSX2/211210_A00605_0324_BHLGHJDSX2/Sample_UF-3016-1309-0/UF-3016-1309-0_S21_L001_R1_001.fastq.gz	/proj/sens2022005/delivery05927/INBOX/UF-3016/211210_A00605_0324_BHLGHJDSX2/211210_A00605_0324_BHLGHJDSX2/Sample_UF-3016-1309-0/UF-3016-1309-0_S21_L001_R2_001.fastq.gz	reverse	Baseline
UF-3016-1310-0	/proj/sens2022005/delivery05927/INBOX/UF-3016/211217_A00605_0328_AHLG2TDSX2/211217_A00605_0328_AHLG2TDSX2/Sample_UF-3016-1310-0/UF-3016-1310-0_S14_L001_R1_001.fastq.gz	/proj/sens2022005/delivery05927/INBOX/UF-3016/211217_A00605_0328_AHLG2TDSX2/211217_A00605_0328_AHLG2TDSX2/Sample_UF-3016-1310-0/UF-3016-1310-0_S14_L001_R2_001.fastq.gz	reverse	Baseline
UF-3016-1311-0	/proj/sens2022005/delivery05927/INBOX/UF-3016/220128_A00181_0416_BHN2WCDSX2/220128_A00181_0416_BHN2WCDSX2/Sample_UF-3016-1311-0/UF-3016-1311-0_S41_L001_R1_001.fastq.gz	/proj/sens2022005/delivery05927/INBOX/UF-3016/220128_A00181_0416_BHN2WCDSX2/220128_A00181_0416_BHN2WCDSX2/Sample_UF-3016-1311-0/UF-3016-1311-0_S41_L001_R2_001.fastq.gz	reverse	Baseline
UF-3016-1312-0	/proj/sens2022005/delivery05927/INBOX/UF-3016/211210_A00605_0324_BHLGHJDSX2/211210_A00605_0324_BHLGHJDSX2/Sample_UF-3016-1312-0/UF-3016-1312-0_S4_L001_R1_001.fastq.gz	/proj/sens2022005/delivery05927/INBOX/UF-3016/211210_A00605_0324_BHLGHJDSX2/211210_A00605_0324_BHLGHJDSX2/Sample_UF-3016-1312-0/UF-3016-1312-0_S4_L001_R2_001.fastq.gz	reverse	Baseline
UF-3016-1313-0	/proj/sens2022005/delivery05927/INBOX/UF-3016/220218_A00181_0431_AHN33MDSX2/220218_A00181_0431_AHN33MDSX2/Sample_UF-3016-1313-0/UF-3016-1313-0_S17_L001_R1_001.fastq.gz	/proj/sens2022005/delivery05927/INBOX/UF-3016/220218_A00181_0431_AHN33MDSX2/220218_A00181_0431_AHN33MDSX2/Sample_UF-3016-1313-0/UF-3016-1313-0_S17_L001_R2_001.fastq.gz	reverse	Baseline
UF-3016-1314-0	/proj/sens2022005/delivery05927/INBOX/UF-3016/220325_A00605_0384_BHGHHGDSX3/220325_A00605_0384_BHGHHGDSX3/Sample_UF-3016-1314-0/UF-3016-1314-0_S84_L002_R1_001.fastq.gz	/proj/sens2022005/delivery05927/INBOX/UF-3016/220325_A00605_0384_BHGHHGDSX3/220325_A00605_0384_BHGHHGDSX3/Sample_UF-3016-1314-0/UF-3016-1314-0_S84_L002_R2_001.fastq.gz	reverse	Baseline
UF-3016-1315-0	/proj/sens2022005/delivery05927/INBOX/UF-3016/220128_A00181_0416_BHN2WCDSX2/220128_A00181_0416_BHN2WCDSX2/Sample_UF-3016-1315-0/UF-3016-1315-0_S69_L002_R1_001.fastq.gz	/proj/sens2022005/delivery05927/INBOX/UF-3016/220128_A00181_0416_BHN2WCDSX2/220128_A00181_0416_BHN2WCDSX2/Sample_UF-3016-1315-0/UF-3016-1315-0_S69_L002_R2_001.fastq.gz	reverse	Baseline
UF-3016-1316-0	/proj/sens2022005/delivery05927/INBOX/UF-3016/220325_A00605_0384_BHGHHGDSX3/220325_A00605_0384_BHGHHGDSX3/Sample_UF-3016-1316-0/UF-3016-1316-0_S11_L001_R1_001.fastq.gz	/proj/sens2022005/delivery05927/INBOX/UF-3016/220325_A00605_0384_BHGHHGDSX3/220325_A00605_0384_BHGHHGDSX3/Sample_UF-3016-1316-0/UF-3016-1316-0_S11_L001_R2_001.fastq.gz	reverse	Baseline
UF-3016-1317-0	/proj/sens2022005/delivery05927/INBOX/UF-3016/220325_A00605_0384_BHGHHGDSX3/220325_A00605_0384_BHGHHGDSX3/Sample_UF-3016-1317-0/UF-3016-1317-0_S44_L001_R1_001.fastq.gz	/proj/sens2022005/delivery05927/INBOX/UF-3016/220325_A00605_0384_BHGHHGDSX3/220325_A00605_0384_BHGHHGDSX3/Sample_UF-3016-1317-0/UF-3016-1317-0_S44_L001_R2_001.fastq.gz	reverse	Baseline
UF-3016-1318-0	/proj/sens2022005/delivery05927/INBOX/UF-3016/220121_A00181_0412_AHNVKNDSX2/220121_A00181_0412_AHNVKNDSX2/Sample_UF-3016-1318-0/UF-3016-1318-0_S32_L003_R1_001.fastq.gz	/proj/sens2022005/delivery05927/INBOX/UF-3016/220121_A00181_0412_AHNVKNDSX2/220121_A00181_0412_AHNVKNDSX2/Sample_UF-3016-1318-0/UF-3016-1318-0_S32_L003_R2_001.fastq.gz	reverse	Baseline
UF-3016-1319-0	/proj/sens2022005/delivery05927/INBOX/UF-3016/220325_A00605_0384_BHGHHGDSX3/220325_A00605_0384_BHGHHGDSX3/Sample_UF-3016-1319-0/UF-3016-1319-0_S71_L002_R1_001.fastq.gz	/proj/sens2022005/delivery05927/INBOX/UF-3016/220325_A00605_0384_BHGHHGDSX3/220325_A00605_0384_BHGHHGDSX3/Sample_UF-3016-1319-0/UF-3016-1319-0_S71_L002_R2_001.fastq.gz	reverse	Baseline
UF-3016-1320-0	/proj/sens2022005/delivery05927/INBOX/UF-3016/220128_A00181_0416_BHN2WCDSX2/220128_A00181_0416_BHN2WCDSX2/Sample_UF-3016-1320-0/UF-3016-1320-0_S75_L002_R1_001.fastq.gz	/proj/sens2022005/delivery05927/INBOX/UF-3016/220128_A00181_0416_BHN2WCDSX2/220128_A00181_0416_BHN2WCDSX2/Sample_UF-3016-1320-0/UF-3016-1320-0_S75_L002_R2_001.fastq.gz	reverse	Baseline
UF-3016-1401-0	/proj/sens2022005/delivery05927/INBOX/UF-3016/220218_A00181_0431_AHN33MDSX2/220218_A00181_0431_AHN33MDSX2/Sample_UF-3016-1401-0/UF-3016-1401-0_S58_L002_R1_001.fastq.gz	/proj/sens2022005/delivery05927/INBOX/UF-3016/220218_A00181_0431_AHN33MDSX2/220218_A00181_0431_AHN33MDSX2/Sample_UF-3016-1401-0/UF-3016-1401-0_S58_L002_R2_001.fastq.gz	reverse	Baseline
UF-3016-1402-0	/proj/sens2022005/delivery05927/INBOX/UF-3016/220218_A00181_0431_AHN33MDSX2/220218_A00181_0431_AHN33MDSX2/Sample_UF-3016-1402-0/UF-3016-1402-0_S28_L001_R1_001.fastq.gz	/proj/sens2022005/delivery05927/INBOX/UF-3016/220218_A00181_0431_AHN33MDSX2/220218_A00181_0431_AHN33MDSX2/Sample_UF-3016-1402-0/UF-3016-1402-0_S28_L001_R2_001.fastq.gz	reverse	Baseline
UF-3016-1403-0	/proj/sens2022005/delivery05927/INBOX/UF-3016/220121_A00181_0412_AHNVKNDSX2/220121_A00181_0412_AHNVKNDSX2/Sample_UF-3016-1403-0/UF-3016-1403-0_S59_L004_R1_001.fastq.gz	/proj/sens2022005/delivery05927/INBOX/UF-3016/220121_A00181_0412_AHNVKNDSX2/220121_A00181_0412_AHNVKNDSX2/Sample_UF-3016-1403-0/UF-3016-1403-0_S59_L004_R2_001.fastq.gz	reverse	Baseline
UF-3016-1404-0	/proj/sens2022005/delivery05927/INBOX/UF-3016/211217_A00605_0328_AHLG2TDSX2/211217_A00605_0328_AHLG2TDSX2/Sample_UF-3016-1404-0/UF-3016-1404-0_S86_L002_R1_001.fastq.gz	/proj/sens2022005/delivery05927/INBOX/UF-3016/211217_A00605_0328_AHLG2TDSX2/211217_A00605_0328_AHLG2TDSX2/Sample_UF-3016-1404-0/UF-3016-1404-0_S86_L002_R2_001.fastq.gz	reverse	Baseline
UF-3016-1405-0	/proj/sens2022005/delivery05927/INBOX/UF-3016/220325_A00605_0384_BHGHHGDSX3/220325_A00605_0384_BHGHHGDSX3/Sample_UF-3016-1405-0/UF-3016-1405-0_S60_L002_R1_001.fastq.gz	/proj/sens2022005/delivery05927/INBOX/UF-3016/220325_A00605_0384_BHGHHGDSX3/220325_A00605_0384_BHGHHGDSX3/Sample_UF-3016-1405-0/UF-3016-1405-0_S60_L002_R2_001.fastq.gz	reverse	Baseline
UF-3016-1406-0	/proj/sens2022005/delivery05927/INBOX/UF-3016/220325_A00605_0384_BHGHHGDSX3/220325_A00605_0384_BHGHHGDSX3/Sample_UF-3016-1406-0/UF-3016-1406-0_S31_L001_R1_001.fastq.gz	/proj/sens2022005/delivery05927/INBOX/UF-3016/220325_A00605_0384_BHGHHGDSX3/220325_A00605_0384_BHGHHGDSX3/Sample_UF-3016-1406-0/UF-3016-1406-0_S31_L001_R2_001.fastq.gz	reverse	Baseline
UF-3016-1407-0	/proj/sens2022005/delivery05927/INBOX/UF-3016/220325_A00605_0384_BHGHHGDSX3/220325_A00605_0384_BHGHHGDSX3/Sample_UF-3016-1407-0/UF-3016-1407-0_S50_L002_R1_001.fastq.gz	/proj/sens2022005/delivery05927/INBOX/UF-3016/220325_A00605_0384_BHGHHGDSX3/220325_A00605_0384_BHGHHGDSX3/Sample_UF-3016-1407-0/UF-3016-1407-0_S50_L002_R2_001.fastq.gz	reverse	Baseline
UF-3016-1408-0	/proj/sens2022005/delivery05927/INBOX/UF-3016/211210_A00605_0324_BHLGHJDSX2/211210_A00605_0324_BHLGHJDSX2/Sample_UF-3016-1408-0/UF-3016-1408-0_S11_L001_R1_001.fastq.gz	/proj/sens2022005/delivery05927/INBOX/UF-3016/211210_A00605_0324_BHLGHJDSX2/211210_A00605_0324_BHLGHJDSX2/Sample_UF-3016-1408-0/UF-3016-1408-0_S11_L001_R2_001.fastq.gz	reverse	Baseline
UF-3016-1409-0	/proj/sens2022005/delivery05927/INBOX/UF-3016/220325_A00605_0384_BHGHHGDSX3/220325_A00605_0384_BHGHHGDSX3/Sample_UF-3016-1409-0/UF-3016-1409-0_S52_L002_R1_001.fastq.gz	/proj/sens2022005/delivery05927/INBOX/UF-3016/220325_A00605_0384_BHGHHGDSX3/220325_A00605_0384_BHGHHGDSX3/Sample_UF-3016-1409-0/UF-3016-1409-0_S52_L002_R2_001.fastq.gz	reverse	Baseline
UF-3016-1501-0	/proj/sens2022005/delivery05927/INBOX/UF-3016/220325_A00605_0384_BHGHHGDSX3/220325_A00605_0384_BHGHHGDSX3/Sample_UF-3016-1501-0/UF-3016-1501-0_S63_L002_R1_001.fastq.gz	/proj/sens2022005/delivery05927/INBOX/UF-3016/220325_A00605_0384_BHGHHGDSX3/220325_A00605_0384_BHGHHGDSX3/Sample_UF-3016-1501-0/UF-3016-1501-0_S63_L002_R2_001.fastq.gz	reverse	Baseline
UF-3016-1502-0	/proj/sens2022005/delivery05927/INBOX/UF-3016/220218_A00181_0431_AHN33MDSX2/220218_A00181_0431_AHN33MDSX2/Sample_UF-3016-1502-0/UF-3016-1502-0_S51_L002_R1_001.fastq.gz	/proj/sens2022005/delivery05927/INBOX/UF-3016/220218_A00181_0431_AHN33MDSX2/220218_A00181_0431_AHN33MDSX2/Sample_UF-3016-1502-0/UF-3016-1502-0_S51_L002_R2_001.fastq.gz	reverse	Baseline
UF-3016-1503-0	/proj/sens2022005/delivery05927/INBOX/UF-3016/220128_A00181_0416_BHN2WCDSX2/220128_A00181_0416_BHN2WCDSX2/Sample_UF-3016-1503-0/UF-3016-1503-0_S32_L001_R1_001.fastq.gz	/proj/sens2022005/delivery05927/INBOX/UF-3016/220128_A00181_0416_BHN2WCDSX2/220128_A00181_0416_BHN2WCDSX2/Sample_UF-3016-1503-0/UF-3016-1503-0_S32_L001_R2_001.fastq.gz	reverse	Baseline
UF-3016-1504-0	/proj/sens2022005/delivery05927/INBOX/UF-3016/220325_A00605_0384_BHGHHGDSX3/220325_A00605_0384_BHGHHGDSX3/Sample_UF-3016-1504-0/UF-3016-1504-0_S59_L002_R1_001.fastq.gz	/proj/sens2022005/delivery05927/INBOX/UF-3016/220325_A00605_0384_BHGHHGDSX3/220325_A00605_0384_BHGHHGDSX3/Sample_UF-3016-1504-0/UF-3016-1504-0_S59_L002_R2_001.fastq.gz	reverse	Baseline
UF-3016-1505-0	/proj/sens2022005/delivery05927/INBOX/UF-3016/220218_A00181_0431_AHN33MDSX2/220218_A00181_0431_AHN33MDSX2/Sample_UF-3016-1505-0/UF-3016-1505-0_S22_L001_R1_001.fastq.gz	/proj/sens2022005/delivery05927/INBOX/UF-3016/220218_A00181_0431_AHN33MDSX2/220218_A00181_0431_AHN33MDSX2/Sample_UF-3016-1505-0/UF-3016-1505-0_S22_L001_R2_001.fastq.gz	reverse	Baseline
UF-3016-1506-0	/proj/sens2022005/delivery05927/INBOX/UF-3016/211210_A00605_0324_BHLGHJDSX2/211210_A00605_0324_BHLGHJDSX2/Sample_UF-3016-1506-0/UF-3016-1506-0_S25_L001_R1_001.fastq.gz	/proj/sens2022005/delivery05927/INBOX/UF-3016/211210_A00605_0324_BHLGHJDSX2/211210_A00605_0324_BHLGHJDSX2/Sample_UF-3016-1506-0/UF-3016-1506-0_S25_L001_R2_001.fastq.gz	reverse	Baseline
UF-3016-1507-0	/proj/sens2022005/delivery05927/INBOX/UF-3016/220325_A00605_0384_BHGHHGDSX3/220325_A00605_0384_BHGHHGDSX3/Sample_UF-3016-1507-0/UF-3016-1507-0_S58_L002_R1_001.fastq.gz	/proj/sens2022005/delivery05927/INBOX/UF-3016/220325_A00605_0384_BHGHHGDSX3/220325_A00605_0384_BHGHHGDSX3/Sample_UF-3016-1507-0/UF-3016-1507-0_S58_L002_R2_001.fastq.gz	reverse	Baseline
UF-3016-1508-0-2	/proj/sens2022005/delivery05927/INBOX/UF-3016/220128_A00181_0416_BHN2WCDSX2/220128_A00181_0416_BHN2WCDSX2/Sample_UF-3016-1508-0-2/UF-3016-1508-0-2_S22_L001_R1_001.fastq.gz	/proj/sens2022005/delivery05927/INBOX/UF-3016/220128_A00181_0416_BHN2WCDSX2/220128_A00181_0416_BHN2WCDSX2/Sample_UF-3016-1508-0-2/UF-3016-1508-0-2_S22_L001_R2_001.fastq.gz	reverse	Baseline
UF-3016-1509-0	/proj/sens2022005/delivery05927/INBOX/UF-3016/211210_A00605_0324_BHLGHJDSX2/211210_A00605_0324_BHLGHJDSX2/Sample_UF-3016-1509-0/UF-3016-1509-0_S41_L001_R1_001.fastq.gz	/proj/sens2022005/delivery05927/INBOX/UF-3016/211210_A00605_0324_BHLGHJDSX2/211210_A00605_0324_BHLGHJDSX2/Sample_UF-3016-1509-0/UF-3016-1509-0_S41_L001_R2_001.fastq.gz	reverse	Baseline
UF-3016-1510-0	/proj/sens2022005/delivery05927/INBOX/UF-3016/220325_A00605_0384_BHGHHGDSX3/220325_A00605_0384_BHGHHGDSX3/Sample_UF-3016-1510-0/UF-3016-1510-0_S89_L002_R1_001.fastq.gz	/proj/sens2022005/delivery05927/INBOX/UF-3016/220325_A00605_0384_BHGHHGDSX3/220325_A00605_0384_BHGHHGDSX3/Sample_UF-3016-1510-0/UF-3016-1510-0_S89_L002_R2_001.fastq.gz	reverse	Baseline
UF-3016-1511-0	/proj/sens2022005/delivery05927/INBOX/UF-3016/220121_A00181_0412_AHNVKNDSX2/220121_A00181_0412_AHNVKNDSX2/Sample_UF-3016-1511-0/UF-3016-1511-0_S41_L003_R1_001.fastq.gz	/proj/sens2022005/delivery05927/INBOX/UF-3016/220121_A00181_0412_AHNVKNDSX2/220121_A00181_0412_AHNVKNDSX2/Sample_UF-3016-1511-0/UF-3016-1511-0_S41_L003_R2_001.fastq.gz	reverse	Baseline
UF-3016-1512-0	/proj/sens2022005/delivery05927/INBOX/UF-3016/211217_A00605_0328_AHLG2TDSX2/211217_A00605_0328_AHLG2TDSX2/Sample_UF-3016-1512-0/UF-3016-1512-0_S65_L002_R1_001.fastq.gz	/proj/sens2022005/delivery05927/INBOX/UF-3016/211217_A00605_0328_AHLG2TDSX2/211217_A00605_0328_AHLG2TDSX2/Sample_UF-3016-1512-0/UF-3016-1512-0_S65_L002_R2_001.fastq.gz	reverse	Baseline
UF-3016-1513-0	/proj/sens2022005/delivery05927/INBOX/UF-3016/220218_A00181_0431_AHN33MDSX2/220218_A00181_0431_AHN33MDSX2/Sample_UF-3016-1513-0/UF-3016-1513-0_S31_L001_R1_001.fastq.gz	/proj/sens2022005/delivery05927/INBOX/UF-3016/220218_A00181_0431_AHN33MDSX2/220218_A00181_0431_AHN33MDSX2/Sample_UF-3016-1513-0/UF-3016-1513-0_S31_L001_R2_001.fastq.gz	reverse	Baseline
UF-3016-1514-0	/proj/sens2022005/delivery05927/INBOX/UF-3016/211217_A00605_0328_AHLG2TDSX2/211217_A00605_0328_AHLG2TDSX2/Sample_UF-3016-1514-0/UF-3016-1514-0_S15_L001_R1_001.fastq.gz	/proj/sens2022005/delivery05927/INBOX/UF-3016/211217_A00605_0328_AHLG2TDSX2/211217_A00605_0328_AHLG2TDSX2/Sample_UF-3016-1514-0/UF-3016-1514-0_S15_L001_R2_001.fastq.gz	reverse	Baseline
UF-3016-1515-0	/proj/sens2022005/delivery05927/INBOX/UF-3016/220218_A00181_0431_AHN33MDSX2/220218_A00181_0431_AHN33MDSX2/Sample_UF-3016-1515-0/UF-3016-1515-0_S59_L002_R1_001.fastq.gz	/proj/sens2022005/delivery05927/INBOX/UF-3016/220218_A00181_0431_AHN33MDSX2/220218_A00181_0431_AHN33MDSX2/Sample_UF-3016-1515-0/UF-3016-1515-0_S59_L002_R2_001.fastq.gz	reverse	Baseline
UF-3016-1516-0	/proj/sens2022005/delivery05927/INBOX/UF-3016/220128_A00181_0416_BHN2WCDSX2/220128_A00181_0416_BHN2WCDSX2/Sample_UF-3016-1516-0/UF-3016-1516-0_S58_L002_R1_001.fastq.gz	/proj/sens2022005/delivery05927/INBOX/UF-3016/220128_A00181_0416_BHN2WCDSX2/220128_A00181_0416_BHN2WCDSX2/Sample_UF-3016-1516-0/UF-3016-1516-0_S58_L002_R2_001.fastq.gz	reverse	Baseline
UF-3016-1517-0-2	/proj/sens2022005/delivery05927/INBOX/UF-3016/211217_A00605_0328_AHLG2TDSX2/211217_A00605_0328_AHLG2TDSX2/Sample_UF-3016-1517-0-2/UF-3016-1517-0-2_S52_L002_R1_001.fastq.gz	/proj/sens2022005/delivery05927/INBOX/UF-3016/211217_A00605_0328_AHLG2TDSX2/211217_A00605_0328_AHLG2TDSX2/Sample_UF-3016-1517-0-2/UF-3016-1517-0-2_S52_L002_R2_001.fastq.gz	reverse	Baseline
UF-3016-1518-0	/proj/sens2022005/delivery05927/INBOX/UF-3016/220128_A00181_0416_BHN2WCDSX2/220128_A00181_0416_BHN2WCDSX2/Sample_UF-3016-1518-0/UF-3016-1518-0_S70_L002_R1_001.fastq.gz	/proj/sens2022005/delivery05927/INBOX/UF-3016/220128_A00181_0416_BHN2WCDSX2/220128_A00181_0416_BHN2WCDSX2/Sample_UF-3016-1518-0/UF-3016-1518-0_S70_L002_R2_001.fastq.gz	reverse	Baseline
UF-3016-1519-0	/proj/sens2022005/delivery05927/INBOX/UF-3016/220325_A00605_0384_BHGHHGDSX3/220325_A00605_0384_BHGHHGDSX3/Sample_UF-3016-1519-0/UF-3016-1519-0_S1_L001_R1_001.fastq.gz	/proj/sens2022005/delivery05927/INBOX/UF-3016/220325_A00605_0384_BHGHHGDSX3/220325_A00605_0384_BHGHHGDSX3/Sample_UF-3016-1519-0/UF-3016-1519-0_S1_L001_R2_001.fastq.gz	reverse	Baseline
UF-3016-1520-0	/proj/sens2022005/delivery05927/INBOX/UF-3016/220325_A00605_0384_BHGHHGDSX3/220325_A00605_0384_BHGHHGDSX3/Sample_UF-3016-1520-0/UF-3016-1520-0_S23_L001_R1_001.fastq.gz	/proj/sens2022005/delivery05927/INBOX/UF-3016/220325_A00605_0384_BHGHHGDSX3/220325_A00605_0384_BHGHHGDSX3/Sample_UF-3016-1520-0/UF-3016-1520-0_S23_L001_R2_001.fastq.gz	reverse	Baseline
UF-3016-1601-0	/proj/sens2022005/delivery05927/INBOX/UF-3016/220325_A00605_0384_BHGHHGDSX3/220325_A00605_0384_BHGHHGDSX3/Sample_UF-3016-1601-0/UF-3016-1601-0_S62_L002_R1_001.fastq.gz	/proj/sens2022005/delivery05927/INBOX/UF-3016/220325_A00605_0384_BHGHHGDSX3/220325_A00605_0384_BHGHHGDSX3/Sample_UF-3016-1601-0/UF-3016-1601-0_S62_L002_R2_001.fastq.gz	reverse	Baseline
UF-3016-1602-0	/proj/sens2022005/delivery05927/INBOX/UF-3016/220325_A00605_0384_BHGHHGDSX3/220325_A00605_0384_BHGHHGDSX3/Sample_UF-3016-1602-0/UF-3016-1602-0_S32_L001_R1_001.fastq.gz	/proj/sens2022005/delivery05927/INBOX/UF-3016/220325_A00605_0384_BHGHHGDSX3/220325_A00605_0384_BHGHHGDSX3/Sample_UF-3016-1602-0/UF-3016-1602-0_S32_L001_R2_001.fastq.gz	reverse	Baseline
UF-3016-1603-0-2	/proj/sens2022005/delivery05927/INBOX/UF-3016/220218_A00181_0431_AHN33MDSX2/220218_A00181_0431_AHN33MDSX2/Sample_UF-3016-1603-0-2/UF-3016-1603-0-2_S65_L002_R1_001.fastq.gz	/proj/sens2022005/delivery05927/INBOX/UF-3016/220218_A00181_0431_AHN33MDSX2/220218_A00181_0431_AHN33MDSX2/Sample_UF-3016-1603-0-2/UF-3016-1603-0-2_S65_L002_R2_001.fastq.gz	reverse	Baseline
UF-3016-1604-0	/proj/sens2022005/delivery05927/INBOX/UF-3016/211217_A00605_0328_AHLG2TDSX2/211217_A00605_0328_AHLG2TDSX2/Sample_UF-3016-1604-0/UF-3016-1604-0_S72_L002_R1_001.fastq.gz	/proj/sens2022005/delivery05927/INBOX/UF-3016/211217_A00605_0328_AHLG2TDSX2/211217_A00605_0328_AHLG2TDSX2/Sample_UF-3016-1604-0/UF-3016-1604-0_S72_L002_R2_001.fastq.gz	reverse	Baseline
UF-3016-1605-0	/proj/sens2022005/delivery05927/INBOX/UF-3016/211217_A00605_0328_AHLG2TDSX2/211217_A00605_0328_AHLG2TDSX2/Sample_UF-3016-1605-0/UF-3016-1605-0_S19_L001_R1_001.fastq.gz	/proj/sens2022005/delivery05927/INBOX/UF-3016/211217_A00605_0328_AHLG2TDSX2/211217_A00605_0328_AHLG2TDSX2/Sample_UF-3016-1605-0/UF-3016-1605-0_S19_L001_R2_001.fastq.gz	reverse	Baseline
UF-3016-1606-0	/proj/sens2022005/delivery05927/INBOX/UF-3016/220218_A00181_0431_AHN33MDSX2/220218_A00181_0431_AHN33MDSX2/Sample_UF-3016-1606-0/UF-3016-1606-0_S70_L002_R1_001.fastq.gz	/proj/sens2022005/delivery05927/INBOX/UF-3016/220218_A00181_0431_AHN33MDSX2/220218_A00181_0431_AHN33MDSX2/Sample_UF-3016-1606-0/UF-3016-1606-0_S70_L002_R2_001.fastq.gz	reverse	Baseline
UF-3016-1607-0	/proj/sens2022005/delivery05927/INBOX/UF-3016/220121_A00181_0412_AHNVKNDSX2/220121_A00181_0412_AHNVKNDSX2/Sample_UF-3016-1607-0/UF-3016-1607-0_S58_L004_R1_001.fastq.gz	/proj/sens2022005/delivery05927/INBOX/UF-3016/220121_A00181_0412_AHNVKNDSX2/220121_A00181_0412_AHNVKNDSX2/Sample_UF-3016-1607-0/UF-3016-1607-0_S58_L004_R2_001.fastq.gz	reverse	Baseline
UF-3016-1608-0	/proj/sens2022005/delivery05927/INBOX/UF-3016/220325_A00605_0384_BHGHHGDSX3/220325_A00605_0384_BHGHHGDSX3/Sample_UF-3016-1608-0/UF-3016-1608-0_S88_L002_R1_001.fastq.gz	/proj/sens2022005/delivery05927/INBOX/UF-3016/220325_A00605_0384_BHGHHGDSX3/220325_A00605_0384_BHGHHGDSX3/Sample_UF-3016-1608-0/UF-3016-1608-0_S88_L002_R2_001.fastq.gz	reverse	Baseline
UF-3016-1609-0	/proj/sens2022005/delivery05927/INBOX/UF-3016/211217_A00605_0328_AHLG2TDSX2/211217_A00605_0328_AHLG2TDSX2/Sample_UF-3016-1609-0/UF-3016-1609-0_S77_L002_R1_001.fastq.gz	/proj/sens2022005/delivery05927/INBOX/UF-3016/211217_A00605_0328_AHLG2TDSX2/211217_A00605_0328_AHLG2TDSX2/Sample_UF-3016-1609-0/UF-3016-1609-0_S77_L002_R2_001.fastq.gz	reverse	Baseline
UF-3016-1610-0	/proj/sens2022005/delivery05927/INBOX/UF-3016/220218_A00181_0431_AHN33MDSX2/220218_A00181_0431_AHN33MDSX2/Sample_UF-3016-1610-0/UF-3016-1610-0_S5_L001_R1_001.fastq.gz	/proj/sens2022005/delivery05927/INBOX/UF-3016/220218_A00181_0431_AHN33MDSX2/220218_A00181_0431_AHN33MDSX2/Sample_UF-3016-1610-0/UF-3016-1610-0_S5_L001_R2_001.fastq.gz	reverse	Baseline
UF-3016-1611-0	/proj/sens2022005/delivery05927/INBOX/UF-3016/220128_A00181_0416_BHN2WCDSX2/220128_A00181_0416_BHN2WCDSX2/Sample_UF-3016-1611-0/UF-3016-1611-0_S40_L001_R1_001.fastq.gz	/proj/sens2022005/delivery05927/INBOX/UF-3016/220128_A00181_0416_BHN2WCDSX2/220128_A00181_0416_BHN2WCDSX2/Sample_UF-3016-1611-0/UF-3016-1611-0_S40_L001_R2_001.fastq.gz	reverse	Baseline
UF-3016-1612-0	/proj/sens2022005/delivery05927/INBOX/UF-3016/220121_A00181_0412_AHNVKNDSX2/220121_A00181_0412_AHNVKNDSX2/Sample_UF-3016-1612-0/UF-3016-1612-0_S55_L004_R1_001.fastq.gz	/proj/sens2022005/delivery05927/INBOX/UF-3016/220121_A00181_0412_AHNVKNDSX2/220121_A00181_0412_AHNVKNDSX2/Sample_UF-3016-1612-0/UF-3016-1612-0_S55_L004_R2_001.fastq.gz	reverse	Baseline
UF-3016-1613-0	/proj/sens2022005/delivery05927/INBOX/UF-3016/220218_A00181_0431_AHN33MDSX2/220218_A00181_0431_AHN33MDSX2/Sample_UF-3016-1613-0/UF-3016-1613-0_S71_L002_R1_001.fastq.gz	/proj/sens2022005/delivery05927/INBOX/UF-3016/220218_A00181_0431_AHN33MDSX2/220218_A00181_0431_AHN33MDSX2/Sample_UF-3016-1613-0/UF-3016-1613-0_S71_L002_R2_001.fastq.gz	reverse	Baseline
UF-3016-1615-0	/proj/sens2022005/delivery05927/INBOX/UF-3016/220325_A00605_0384_BHGHHGDSX3/220325_A00605_0384_BHGHHGDSX3/Sample_UF-3016-1615-0/UF-3016-1615-0_S2_L001_R1_001.fastq.gz	/proj/sens2022005/delivery05927/INBOX/UF-3016/220325_A00605_0384_BHGHHGDSX3/220325_A00605_0384_BHGHHGDSX3/Sample_UF-3016-1615-0/UF-3016-1615-0_S2_L001_R2_001.fastq.gz	reverse	Baseline
UF-3016-1616-0	/proj/sens2022005/delivery05927/INBOX/UF-3016/220128_A00181_0416_BHN2WCDSX2/220128_A00181_0416_BHN2WCDSX2/Sample_UF-3016-1616-0/UF-3016-1616-0_S54_L002_R1_001.fastq.gz	/proj/sens2022005/delivery05927/INBOX/UF-3016/220128_A00181_0416_BHN2WCDSX2/220128_A00181_0416_BHN2WCDSX2/Sample_UF-3016-1616-0/UF-3016-1616-0_S54_L002_R2_001.fastq.gz	reverse	Baseline
UF-3016-1617-0	/proj/sens2022005/delivery05927/INBOX/UF-3016/211217_A00605_0328_AHLG2TDSX2/211217_A00605_0328_AHLG2TDSX2/Sample_UF-3016-1617-0/UF-3016-1617-0_S82_L002_R1_001.fastq.gz	/proj/sens2022005/delivery05927/INBOX/UF-3016/211217_A00605_0328_AHLG2TDSX2/211217_A00605_0328_AHLG2TDSX2/Sample_UF-3016-1617-0/UF-3016-1617-0_S82_L002_R2_001.fastq.gz	reverse	Baseline
UF-3016-1618-0	/proj/sens2022005/delivery05927/INBOX/UF-3016/220128_A00181_0416_BHN2WCDSX2/220128_A00181_0416_BHN2WCDSX2/Sample_UF-3016-1618-0/UF-3016-1618-0_S89_L002_R1_001.fastq.gz	/proj/sens2022005/delivery05927/INBOX/UF-3016/220128_A00181_0416_BHN2WCDSX2/220128_A00181_0416_BHN2WCDSX2/Sample_UF-3016-1618-0/UF-3016-1618-0_S89_L002_R2_001.fastq.gz	reverse	Baseline
UF-3016-1619-0	/proj/sens2022005/delivery05927/INBOX/UF-3016/220325_A00605_0384_BHGHHGDSX3/220325_A00605_0384_BHGHHGDSX3/Sample_UF-3016-1619-0/UF-3016-1619-0_S6_L001_R1_001.fastq.gz	/proj/sens2022005/delivery05927/INBOX/UF-3016/220325_A00605_0384_BHGHHGDSX3/220325_A00605_0384_BHGHHGDSX3/Sample_UF-3016-1619-0/UF-3016-1619-0_S6_L001_R2_001.fastq.gz	reverse	Baseline
UF-3016-1620-0	/proj/sens2022005/delivery05927/INBOX/UF-3016/220325_A00605_0384_BHGHHGDSX3/220325_A00605_0384_BHGHHGDSX3/Sample_UF-3016-1620-0/UF-3016-1620-0_S5_L001_R1_001.fastq.gz	/proj/sens2022005/delivery05927/INBOX/UF-3016/220325_A00605_0384_BHGHHGDSX3/220325_A00605_0384_BHGHHGDSX3/Sample_UF-3016-1620-0/UF-3016-1620-0_S5_L001_R2_001.fastq.gz	reverse	Baseline
UF-3016-1701-0	/proj/sens2022005/delivery05927/INBOX/UF-3016/220128_A00181_0416_BHN2WCDSX2/220128_A00181_0416_BHN2WCDSX2/Sample_UF-3016-1701-0/UF-3016-1701-0_S33_L001_R1_001.fastq.gz	/proj/sens2022005/delivery05927/INBOX/UF-3016/220128_A00181_0416_BHN2WCDSX2/220128_A00181_0416_BHN2WCDSX2/Sample_UF-3016-1701-0/UF-3016-1701-0_S33_L001_R2_001.fastq.gz	reverse	Baseline
UF-3016-1702-0	/proj/sens2022005/delivery05927/INBOX/UF-3016/211217_A00605_0328_AHLG2TDSX2/211217_A00605_0328_AHLG2TDSX2/Sample_UF-3016-1702-0/UF-3016-1702-0_S7_L001_R1_001.fastq.gz	/proj/sens2022005/delivery05927/INBOX/UF-3016/211217_A00605_0328_AHLG2TDSX2/211217_A00605_0328_AHLG2TDSX2/Sample_UF-3016-1702-0/UF-3016-1702-0_S7_L001_R2_001.fastq.gz	reverse	Baseline
UF-3016-1703-0	/proj/sens2022005/delivery05927/INBOX/UF-3016/211210_A00605_0324_BHLGHJDSX2/211210_A00605_0324_BHLGHJDSX2/Sample_UF-3016-1703-0/UF-3016-1703-0_S12_L001_R1_001.fastq.gz	/proj/sens2022005/delivery05927/INBOX/UF-3016/211210_A00605_0324_BHLGHJDSX2/211210_A00605_0324_BHLGHJDSX2/Sample_UF-3016-1703-0/UF-3016-1703-0_S12_L001_R2_001.fastq.gz	reverse	Baseline
UF-3016-1704-0	/proj/sens2022005/delivery05927/INBOX/UF-3016/220121_A00181_0412_AHNVKNDSX2/220121_A00181_0412_AHNVKNDSX2/Sample_UF-3016-1704-0/UF-3016-1704-0_S25_L003_R1_001.fastq.gz	/proj/sens2022005/delivery05927/INBOX/UF-3016/220121_A00181_0412_AHNVKNDSX2/220121_A00181_0412_AHNVKNDSX2/Sample_UF-3016-1704-0/UF-3016-1704-0_S25_L003_R2_001.fastq.gz	reverse	Baseline
UF-3016-1705-0	/proj/sens2022005/delivery05927/INBOX/UF-3016/220128_A00181_0416_BHN2WCDSX2/220128_A00181_0416_BHN2WCDSX2/Sample_UF-3016-1705-0/UF-3016-1705-0_S87_L002_R1_001.fastq.gz	/proj/sens2022005/delivery05927/INBOX/UF-3016/220128_A00181_0416_BHN2WCDSX2/220128_A00181_0416_BHN2WCDSX2/Sample_UF-3016-1705-0/UF-3016-1705-0_S87_L002_R2_001.fastq.gz	reverse	Baseline
UF-3016-1706-0	/proj/sens2022005/delivery05927/INBOX/UF-3016/220128_A00181_0416_BHN2WCDSX2/220128_A00181_0416_BHN2WCDSX2/Sample_UF-3016-1706-0/UF-3016-1706-0_S11_L001_R1_001.fastq.gz	/proj/sens2022005/delivery05927/INBOX/UF-3016/220128_A00181_0416_BHN2WCDSX2/220128_A00181_0416_BHN2WCDSX2/Sample_UF-3016-1706-0/UF-3016-1706-0_S11_L001_R2_001.fastq.gz	reverse	Baseline
UF-3016-1707-0	/proj/sens2022005/delivery05927/INBOX/UF-3016/220128_A00181_0416_BHN2WCDSX2/220128_A00181_0416_BHN2WCDSX2/Sample_UF-3016-1707-0/UF-3016-1707-0_S68_L002_R1_001.fastq.gz	/proj/sens2022005/delivery05927/INBOX/UF-3016/220128_A00181_0416_BHN2WCDSX2/220128_A00181_0416_BHN2WCDSX2/Sample_UF-3016-1707-0/UF-3016-1707-0_S68_L002_R2_001.fastq.gz	reverse	Baseline
UF-3016-1801-0	/proj/sens2022005/delivery05927/INBOX/UF-3016/220218_A00181_0431_AHN33MDSX2/220218_A00181_0431_AHN33MDSX2/Sample_UF-3016-1801-0/UF-3016-1801-0_S44_L001_R1_001.fastq.gz	/proj/sens2022005/delivery05927/INBOX/UF-3016/220218_A00181_0431_AHN33MDSX2/220218_A00181_0431_AHN33MDSX2/Sample_UF-3016-1801-0/UF-3016-1801-0_S44_L001_R2_001.fastq.gz	reverse	Baseline
UF-3016-1802-0	/proj/sens2022005/delivery05927/INBOX/UF-3016/220218_A00181_0431_AHN33MDSX2/220218_A00181_0431_AHN33MDSX2/Sample_UF-3016-1802-0/UF-3016-1802-0_S69_L002_R1_001.fastq.gz	/proj/sens2022005/delivery05927/INBOX/UF-3016/220218_A00181_0431_AHN33MDSX2/220218_A00181_0431_AHN33MDSX2/Sample_UF-3016-1802-0/UF-3016-1802-0_S69_L002_R2_001.fastq.gz	reverse	Baseline
UF-3016-1803-0	/proj/sens2022005/delivery05927/INBOX/UF-3016/220128_A00181_0416_BHN2WCDSX2/220128_A00181_0416_BHN2WCDSX2/Sample_UF-3016-1803-0/UF-3016-1803-0_S8_L001_R1_001.fastq.gz	/proj/sens2022005/delivery05927/INBOX/UF-3016/220128_A00181_0416_BHN2WCDSX2/220128_A00181_0416_BHN2WCDSX2/Sample_UF-3016-1803-0/UF-3016-1803-0_S8_L001_R2_001.fastq.gz	reverse	Baseline
UF-3016-1804-0	/proj/sens2022005/delivery05927/INBOX/UF-3016/220218_A00181_0431_AHN33MDSX2/220218_A00181_0431_AHN33MDSX2/Sample_UF-3016-1804-0/UF-3016-1804-0_S40_L001_R1_001.fastq.gz	/proj/sens2022005/delivery05927/INBOX/UF-3016/220218_A00181_0431_AHN33MDSX2/220218_A00181_0431_AHN33MDSX2/Sample_UF-3016-1804-0/UF-3016-1804-0_S40_L001_R2_001.fastq.gz	reverse	Baseline
UF-3016-1806-0	/proj/sens2022005/delivery05927/INBOX/UF-3016/211217_A00605_0328_AHLG2TDSX2/211217_A00605_0328_AHLG2TDSX2/Sample_UF-3016-1806-0/UF-3016-1806-0_S58_L002_R1_001.fastq.gz	/proj/sens2022005/delivery05927/INBOX/UF-3016/211217_A00605_0328_AHLG2TDSX2/211217_A00605_0328_AHLG2TDSX2/Sample_UF-3016-1806-0/UF-3016-1806-0_S58_L002_R2_001.fastq.gz	reverse	Baseline
UF-3016-1807-0	/proj/sens2022005/delivery05927/INBOX/UF-3016/220218_A00181_0431_AHN33MDSX2/220218_A00181_0431_AHN33MDSX2/Sample_UF-3016-1807-0/UF-3016-1807-0_S52_L002_R1_001.fastq.gz	/proj/sens2022005/delivery05927/INBOX/UF-3016/220218_A00181_0431_AHN33MDSX2/220218_A00181_0431_AHN33MDSX2/Sample_UF-3016-1807-0/UF-3016-1807-0_S52_L002_R2_001.fastq.gz	reverse	Baseline
UF-3016-1808-0-2	/proj/sens2022005/delivery05927/INBOX/UF-3016/220128_A00181_0416_BHN2WCDSX2/220128_A00181_0416_BHN2WCDSX2/Sample_UF-3016-1808-0-2/UF-3016-1808-0-2_S38_L001_R1_001.fastq.gz	/proj/sens2022005/delivery05927/INBOX/UF-3016/220128_A00181_0416_BHN2WCDSX2/220128_A00181_0416_BHN2WCDSX2/Sample_UF-3016-1808-0-2/UF-3016-1808-0-2_S38_L001_R2_001.fastq.gz	reverse	Baseline
UF-3016-1809-0	/proj/sens2022005/delivery05927/INBOX/UF-3016/220325_A00605_0384_BHGHHGDSX3/220325_A00605_0384_BHGHHGDSX3/Sample_UF-3016-1809-0/UF-3016-1809-0_S22_L001_R1_001.fastq.gz	/proj/sens2022005/delivery05927/INBOX/UF-3016/220325_A00605_0384_BHGHHGDSX3/220325_A00605_0384_BHGHHGDSX3/Sample_UF-3016-1809-0/UF-3016-1809-0_S22_L001_R2_001.fastq.gz	reverse	Baseline
UF-3016-1901-0	/proj/sens2022005/delivery05927/INBOX/UF-3016/211217_A00605_0328_AHLG2TDSX2/211217_A00605_0328_AHLG2TDSX2/Sample_UF-3016-1901-0/UF-3016-1901-0_S34_L001_R1_001.fastq.gz	/proj/sens2022005/delivery05927/INBOX/UF-3016/211217_A00605_0328_AHLG2TDSX2/211217_A00605_0328_AHLG2TDSX2/Sample_UF-3016-1901-0/UF-3016-1901-0_S34_L001_R2_001.fastq.gz	reverse	Baseline
UF-3016-1902-0	/proj/sens2022005/delivery05927/INBOX/UF-3016/220325_A00605_0384_BHGHHGDSX3/220325_A00605_0384_BHGHHGDSX3/Sample_UF-3016-1902-0/UF-3016-1902-0_S34_L001_R1_001.fastq.gz	/proj/sens2022005/delivery05927/INBOX/UF-3016/220325_A00605_0384_BHGHHGDSX3/220325_A00605_0384_BHGHHGDSX3/Sample_UF-3016-1902-0/UF-3016-1902-0_S34_L001_R2_001.fastq.gz	reverse	Baseline
UF-3016-1903-0-2	/proj/sens2022005/delivery05927/INBOX/UF-3016/220218_A00181_0431_AHN33MDSX2/220218_A00181_0431_AHN33MDSX2/Sample_UF-3016-1903-0-2/UF-3016-1903-0-2_S48_L002_R1_001.fastq.gz	/proj/sens2022005/delivery05927/INBOX/UF-3016/220218_A00181_0431_AHN33MDSX2/220218_A00181_0431_AHN33MDSX2/Sample_UF-3016-1903-0-2/UF-3016-1903-0-2_S48_L002_R2_001.fastq.gz	reverse	Baseline
UF-3016-1904-0	/proj/sens2022005/delivery05927/INBOX/UF-3016/220325_A00605_0384_BHGHHGDSX3/220325_A00605_0384_BHGHHGDSX3/Sample_UF-3016-1904-0/UF-3016-1904-0_S77_L002_R1_001.fastq.gz	/proj/sens2022005/delivery05927/INBOX/UF-3016/220325_A00605_0384_BHGHHGDSX3/220325_A00605_0384_BHGHHGDSX3/Sample_UF-3016-1904-0/UF-3016-1904-0_S77_L002_R2_001.fastq.gz	reverse	Baseline
UF-3016-1905-0	/proj/sens2022005/delivery05927/INBOX/UF-3016/220325_A00605_0384_BHGHHGDSX3/220325_A00605_0384_BHGHHGDSX3/Sample_UF-3016-1905-0/UF-3016-1905-0_S75_L002_R1_001.fastq.gz	/proj/sens2022005/delivery05927/INBOX/UF-3016/220325_A00605_0384_BHGHHGDSX3/220325_A00605_0384_BHGHHGDSX3/Sample_UF-3016-1905-0/UF-3016-1905-0_S75_L002_R2_001.fastq.gz	reverse	Baseline
UF-3016-1906-0	/proj/sens2022005/delivery05927/INBOX/UF-3016/220325_A00605_0384_BHGHHGDSX3/220325_A00605_0384_BHGHHGDSX3/Sample_UF-3016-1906-0/UF-3016-1906-0_S87_L002_R1_001.fastq.gz	/proj/sens2022005/delivery05927/INBOX/UF-3016/220325_A00605_0384_BHGHHGDSX3/220325_A00605_0384_BHGHHGDSX3/Sample_UF-3016-1906-0/UF-3016-1906-0_S87_L002_R2_001.fastq.gz	reverse	Baseline
